"TypeCode","FreqCode","RefPeriodId","RefYear","RefMonth","Period","ReporterCode","ReporterISO","ReporterDesc","FlowCode","FlowDesc","PartnerCode","PartnerISO","PartnerDesc","Partner2Code","Partner2ISO","Partner2Desc","ClassificationCode","ClassificationSearchCode","IsOriginalClassification","CmdCode","CmdDesc","AggrLevel","IsLeaf","CustomsCode","CustomsDesc","MosCode","MotCode","MotDesc","QtyUnitCode","QtyUnitAbbr","Qty","IsQtyEstimated","AltQtyUnitCode","AltQtyUnitAbbr","AltQty","IsAltQtyEstimated","NetWgt","IsNetWgtEstimated","GrossWgt","IsGrossWgtEstimated","Cifvalue","Fobvalue","PrimaryValue","LegacyEstimationFlag","IsReported","IsAggregate",
"C","M","20170601","2017","6","201706","634","QAT","Qatar","M","Import","0","W00","World","0","W00","World","H4","HS","true","090121","Coffee; roasted, not decaffeinated","6","true","C00","TOTAL CPC","0","0","TOTAL MOT","8","kg","35486.4","false","8","kg","35486.4","false","35486.4","false","0","false","363892.79","0","363892.79","0","false","true",
"C","M","20170801","2017","8","201708","634","QAT","Qatar","M","Import","36","AUS","Australia","0","W00","World","H4","HS","true","090121","Coffee; roasted, not decaffeinated","6","true","C00","TOTAL CPC","0","0","TOTAL MOT","8","kg","1000","false","8","kg","1000","false","1000","false","0","false","19319.024","0","19319.024","0","true","false",
"C","M","20171001","2017","10","201710","634","QAT","Qatar","M","Import","40","AUT","Austria","0","W00","World","H4","HS","true","090121","Coffee; roasted, not decaffeinated","6","true","C00","TOTAL CPC","0","0","TOTAL MOT","8","kg","534.5","false","8","kg","534.5","false","534.5","false","0","false","21462.055","0","21462.055","0","true","false",
"C","M","20171101","2017","11","201711","634","QAT","Qatar","M","Import","56","BEL","Belgium","0","W00","World","H4","HS","true","090121","Coffee; roasted, not decaffeinated","6","true","C00","TOTAL CPC","0","0","TOTAL MOT","8","kg","351.44","false","8","kg","351.44","false","351.44","false","0","false","18680.704","0","18680.704","0","true","false",
"C","M","20170301","2017","3","201703","634","QAT","Qatar","M","Import","76","BRA","Brazil","0","W00","World","H4","HS","true","090111","Coffee; not roasted or decaffeinated","6","true","C00","TOTAL CPC","0","0","TOTAL MOT","8","kg","6693","false","8","kg","6693","false","6693","false","0","false","18062.819","0","18062.819","0","true","false",
"C","M","20171001","2017","10","201710","634","QAT","Qatar","M","Import","124","CAN","Canada","0","W00","World","H4","HS","true","090121","Coffee; roasted, not decaffeinated","6","true","C00","TOTAL CPC","0","0","TOTAL MOT","8","kg","5800.58","false","8","kg","5800.58","false","5800.58","false","0","false","36202.2","0","36202.2","0","true","false",
"C","M","20170901","2017","9","201709","634","QAT","Qatar","M","Import","156","CHN","China","0","W00","World","H4","HS","true","090111","Coffee; not roasted or decaffeinated","6","true","C00","TOTAL CPC","0","0","TOTAL MOT","8","kg","19500","false","8","kg","19500","false","19500","false","0","false","27255.234","0","27255.234","0","true","false",
"C","M","20170301","2017","3","201703","634","QAT","Qatar","M","Import","231","ETH","Ethiopia","0","W00","World","H4","HS","true","090112","Coffee; decaffeinated, not roasted","6","true","C00","TOTAL CPC","0","0","TOTAL MOT","8","kg","14025","false","8","kg","14025","false","14025","false","0","false","63168.687","0","63168.687","0","true","false",
"C","M","20171001","2017","10","201710","634","QAT","Qatar","M","Import","251","FRA","France","0","W00","World","H4","HS","true","090121","Coffee; roasted, not decaffeinated","6","true","C00","TOTAL CPC","0","0","TOTAL MOT","8","kg","4384.9","false","8","kg","4384.9","false","4384.9","false","0","false","23665.367","0","23665.367","0","true","false",
"C","M","20170301","2017","3","201703","634","QAT","Qatar","M","Import","276","DEU","Germany","0","W00","World","H4","HS","true","090121","Coffee; roasted, not decaffeinated","6","true","C00","TOTAL CPC","0","0","TOTAL MOT","8","kg","2139.67","false","8","kg","2139.67","false","2139.67","false","0","false","19163.926","0","19163.926","0","true","false",
"C","M","20171201","2017","12","201712","634","QAT","Qatar","M","Import","320","GTM","Guatemala","0","W00","World","H4","HS","true","090112","Coffee; decaffeinated, not roasted","6","true","C00","TOTAL CPC","0","0","TOTAL MOT","8","kg","9600","false","8","kg","9600","false","9600","false","0","false","168993.337","0","168993.337","0","true","false",
"C","M","20171201","2017","12","201712","634","QAT","Qatar","M","Import","380","ITA","Italy","0","W00","World","H4","HS","true","090121","Coffee; roasted, not decaffeinated","6","true","C00","TOTAL CPC","0","0","TOTAL MOT","8","kg","2208.46","false","8","kg","2208.46","false","2208.46","false","0","false","45397.567","0","45397.567","0","true","false",
"C","M","20170501","2017","5","201705","634","QAT","Qatar","M","Import","414","KWT","Kuwait","0","W00","World","H4","HS","true","090111","Coffee; not roasted or decaffeinated","6","true","C00","TOTAL CPC","0","0","TOTAL MOT","8","kg","2687","false","8","kg","2687","false","2687","false","0","false","23853.501","0","23853.501","0","true","false",
"C","M","20170801","2017","8","201708","634","QAT","Qatar","M","Import","422","LBN","Lebanon","0","W00","World","H4","HS","true","090121","Coffee; roasted, not decaffeinated","6","true","C00","TOTAL CPC","0","0","TOTAL MOT","8","kg","29616.9","false","8","kg","29616.9","false","29616.9","false","0","false","299425.153","0","299425.153","0","true","false",
"C","M","20171201","2017","12","201712","634","QAT","Qatar","M","Import","458","MYS","Malaysia","0","W00","World","H4","HS","true","090121","Coffee; roasted, not decaffeinated","6","true","C00","TOTAL CPC","0","0","TOTAL MOT","8","kg","6679","false","8","kg","6679","false","6679","false","0","false","51403.154","0","51403.154","0","true","false",
"C","M","20171001","2017","10","201710","634","QAT","Qatar","M","Import","512","OMN","Oman","0","W00","World","H4","HS","true","090111","Coffee; not roasted or decaffeinated","6","true","C00","TOTAL CPC","0","0","TOTAL MOT","8","kg","2500","false","8","kg","2500","false","2500","false","0","false","25421.678","0","25421.678","0","true","false",
"C","M","20171201","2017","12","201712","634","QAT","Qatar","M","Import","528","NLD","Netherlands","0","W00","World","H4","HS","true","090121","Coffee; roasted, not decaffeinated","6","true","C00","TOTAL CPC","0","0","TOTAL MOT","8","kg","4269","false","8","kg","4269","false","4269","false","0","false","49355.669","0","49355.669","0","true","false",
"C","M","20171201","2017","12","201712","634","QAT","Qatar","M","Import","608","PHL","Philippines","0","W00","World","H4","HS","true","090121","Coffee; roasted, not decaffeinated","6","true","C00","TOTAL CPC","0","0","TOTAL MOT","8","kg","2547.36","false","8","kg","2547.36","false","2547.36","false","0","false","24079.002","0","24079.002","0","true","false",
"C","M","20170301","2017","3","201703","634","QAT","Qatar","M","Import","682","SAU","Saudi Arabia","0","W00","World","H4","HS","true","090112","Coffee; decaffeinated, not roasted","6","true","C00","TOTAL CPC","0","0","TOTAL MOT","8","kg","945.5","false","8","kg","945.5","false","945.5","false","0","false","29912.012","0","29912.012","0","true","false",
"C","M","20171201","2017","12","201712","634","QAT","Qatar","M","Import","699","IND","India","0","W00","World","H4","HS","true","090111","Coffee; not roasted or decaffeinated","6","true","C00","TOTAL CPC","0","0","TOTAL MOT","8","kg","53417.5","false","8","kg","53417.5","false","53417.5","false","0","false","89960.736","0","89960.736","0","true","false",
"C","M","20170601","2017","6","201706","634","QAT","Qatar","M","Import","704","VNM","Viet Nam","0","W00","World","H4","HS","true","090121","Coffee; roasted, not decaffeinated","6","true","C00","TOTAL CPC","0","0","TOTAL MOT","8","kg","968","false","8","kg","968","false","968","false","0","false","14432.953","0","14432.953","0","true","false",
"C","M","20171101","2017","11","201711","634","QAT","Qatar","M","Import","724","ESP","Spain","0","W00","World","H4","HS","true","090121","Coffee; roasted, not decaffeinated","6","true","C00","TOTAL CPC","0","0","TOTAL MOT","8","kg","787.37","false","8","kg","787.37","false","787.37","false","0","false","20214.181","0","20214.181","0","true","false",
"C","M","20170901","2017","9","201709","634","QAT","Qatar","M","Import","757","CHE","Switzerland","0","W00","World","H4","HS","true","090121","Coffee; roasted, not decaffeinated","6","true","C00","TOTAL CPC","0","0","TOTAL MOT","8","kg","6989.6","false","8","kg","6989.6","false","6989.6","false","0","false","259797.266","0","259797.266","0","true","false",
"C","M","20170801","2017","8","201708","634","QAT","Qatar","M","Import","764","THA","Thailand","0","W00","World","H4","HS","true","090121","Coffee; roasted, not decaffeinated","6","true","C00","TOTAL CPC","0","0","TOTAL MOT","8","kg","1000","false","8","kg","1000","false","1000","false","0","false","17927.214","0","17927.214","0","true","false",
"C","M","20170301","2017","3","201703","634","QAT","Qatar","M","Import","784","ARE","United Arab Emirates","0","W00","World","H4","HS","true","090121","Coffee; roasted, not decaffeinated","6","true","C00","TOTAL CPC","0","0","TOTAL MOT","8","kg","3306.5","false","8","kg","3306.5","false","3306.5","false","0","false","48029.043","0","48029.043","0","true","false",
"C","M","20170801","2017","8","201708","634","QAT","Qatar","M","Import","792","TUR","Türkiye","0","W00","World","H4","HS","true","090121","Coffee; roasted, not decaffeinated","6","true","C00","TOTAL CPC","0","0","TOTAL MOT","8","kg","7200","false","8","kg","7200","false","7200","false","0","false","70796.701","0","70796.701","0","true","false",
"C","M","20170801","2017","8","201708","634","QAT","Qatar","M","Import","826","GBR","United Kingdom","0","W00","World","H4","HS","true","090121","Coffee; roasted, not decaffeinated","6","true","C00","TOTAL CPC","0","0","TOTAL MOT","8","kg","3772.05","false","8","kg","3772.05","false","3772.05","false","0","false","62508.322","0","62508.322","0","true","false",
"C","M","20170801","2017","8","201708","634","QAT","Qatar","M","Import","842","USA","USA","0","W00","World","H4","HS","true","090121","Coffee; roasted, not decaffeinated","6","true","C00","TOTAL CPC","0","0","TOTAL MOT","8","kg","5296.33","false","8","kg","5296.33","false","5296.33","false","0","false","72790.58","0","72790.58","0","true","false",
"C","M","20171001","2017","10","201710","634","QAT","Qatar","M","Import","887","YEM","Yemen","0","W00","World","H4","HS","true","090111","Coffee; not roasted or decaffeinated","6","true","C00","TOTAL CPC","0","0","TOTAL MOT","8","kg","42900","false","8","kg","42900","false","42900","false","0","false","369549.692","0","369549.692","0","true","false",
"C","M","20170601","2017","6","201706","634","QAT","Qatar","M","Import","0","W00","World","0","W00","World","H4","HS","true","090112","Coffee; decaffeinated, not roasted","6","true","C00","TOTAL CPC","0","0","TOTAL MOT","8","kg","4000","false","8","kg","4000","false","4000","false","0","false","16339.269","0","16339.269","0","false","true",
"C","M","20170601","2017","6","201706","634","QAT","Qatar","M","Import","0","W00","World","0","W00","World","H4","HS","true","090111","Coffee; not roasted or decaffeinated","6","true","C00","TOTAL CPC","0","0","TOTAL MOT","8","kg","6392.61","false","8","kg","6392.61","false","6392.61","false","0","false","38733.175","0","38733.175","0","false","true",
"C","M","20170201","2017","2","201702","634","QAT","Qatar","M","Import","0","W00","World","0","W00","World","H4","HS","true","090121","Coffee; roasted, not decaffeinated","6","true","C00","TOTAL CPC","0","0","TOTAL MOT","8","kg","39854.09","false","8","kg","39854.09","false","39854.09","false","0","false","421020.938","0","421020.938","0","false","true",
"C","M","20170201","2017","2","201702","634","QAT","Qatar","M","Import","0","W00","World","0","W00","World","H4","HS","true","090111","Coffee; not roasted or decaffeinated","6","true","C00","TOTAL CPC","0","0","TOTAL MOT","8","kg","22020.5","false","8","kg","22020.5","false","22020.5","false","0","false","28212.003","0","28212.003","0","false","true",
"C","M","20170101","2017","1","201701","634","QAT","Qatar","M","Import","0","W00","World","0","W00","World","H4","HS","true","090121","Coffee; roasted, not decaffeinated","6","true","C00","TOTAL CPC","0","0","TOTAL MOT","8","kg","90071.21","false","8","kg","90071.21","false","90071.21","false","0","false","1110603.093","0","1110603.093","0","false","true",
"C","M","20170101","2017","1","201701","634","QAT","Qatar","M","Import","0","W00","World","0","W00","World","H4","HS","true","090112","Coffee; decaffeinated, not roasted","6","true","C00","TOTAL CPC","0","0","TOTAL MOT","8","kg","86010","false","8","kg","86010","false","86010","false","0","false","132356.118","0","132356.118","0","false","true",
"C","M","20170101","2017","1","201701","634","QAT","Qatar","M","Import","0","W00","World","0","W00","World","H4","HS","true","090111","Coffee; not roasted or decaffeinated","6","true","C00","TOTAL CPC","0","0","TOTAL MOT","8","kg","15000","false","8","kg","15000","false","15000","false","0","false","24107.119","0","24107.119","0","false","true",
"C","M","20170501","2017","5","201705","634","QAT","Qatar","M","Import","0","W00","World","0","W00","World","H4","HS","true","090122","Coffee; roasted, decaffeinated","6","true","C00","TOTAL CPC","0","0","TOTAL MOT","8","kg","1036","false","8","kg","1036","false","1036","false","0","false","51371.49","0","51371.49","0","false","true",
"C","M","20170501","2017","5","201705","634","QAT","Qatar","M","Import","0","W00","World","0","W00","World","H4","HS","true","090121","Coffee; roasted, not decaffeinated","6","true","C00","TOTAL CPC","0","0","TOTAL MOT","8","kg","55702.78","false","8","kg","55702.78","false","55702.78","false","0","false","777233.946","0","777233.946","0","false","true",
"C","M","20170501","2017","5","201705","634","QAT","Qatar","M","Import","0","W00","World","0","W00","World","H4","HS","true","090112","Coffee; decaffeinated, not roasted","6","true","C00","TOTAL CPC","0","0","TOTAL MOT","8","kg","22950","false","8","kg","22950","false","22950","false","0","false","38466.926","0","38466.926","0","false","true",
"C","M","20170501","2017","5","201705","634","QAT","Qatar","M","Import","0","W00","World","0","W00","World","H4","HS","true","090111","Coffee; not roasted or decaffeinated","6","true","C00","TOTAL CPC","0","0","TOTAL MOT","8","kg","30047","false","8","kg","30047","false","30047","false","0","false","108943.898","0","108943.898","0","false","true",
"C","M","20170401","2017","4","201704","634","QAT","Qatar","M","Import","0","W00","World","0","W00","World","H4","HS","true","090122","Coffee; roasted, decaffeinated","6","true","C00","TOTAL CPC","0","0","TOTAL MOT","8","kg","850","false","8","kg","850","false","850","false","0","false","39272.636","0","39272.636","0","false","true",
"C","M","20170401","2017","4","201704","634","QAT","Qatar","M","Import","0","W00","World","0","W00","World","H4","HS","true","090121","Coffee; roasted, not decaffeinated","6","true","C00","TOTAL CPC","0","0","TOTAL MOT","8","kg","99099","false","8","kg","99099","false","99099","false","0","false","1240267.687","0","1240267.687","0","false","true",
"C","M","20170401","2017","4","201704","634","QAT","Qatar","M","Import","0","W00","World","0","W00","World","H4","HS","true","090112","Coffee; decaffeinated, not roasted","6","true","C00","TOTAL CPC","0","0","TOTAL MOT","8","kg","18500","false","8","kg","18500","false","18500","false","0","false","44196.384","0","44196.384","0","false","true",
"C","M","20170401","2017","4","201704","634","QAT","Qatar","M","Import","0","W00","World","0","W00","World","H4","HS","true","090111","Coffee; not roasted or decaffeinated","6","true","C00","TOTAL CPC","0","0","TOTAL MOT","8","kg","102400","false","8","kg","102400","false","102400","false","0","false","270718.418","0","270718.418","0","false","true",
"C","M","20170301","2017","3","201703","634","QAT","Qatar","M","Import","0","W00","World","0","W00","World","H4","HS","true","090122","Coffee; roasted, decaffeinated","6","true","C00","TOTAL CPC","0","0","TOTAL MOT","8","kg","6253","false","8","kg","6253","false","6253","false","0","false","31521.012","0","31521.012","0","false","true",
"C","M","20170301","2017","3","201703","634","QAT","Qatar","M","Import","0","W00","World","0","W00","World","H4","HS","true","090121","Coffee; roasted, not decaffeinated","6","true","C00","TOTAL CPC","0","0","TOTAL MOT","8","kg","55331.22","false","8","kg","55331.22","false","55331.22","false","0","false","576180.622","0","576180.622","0","false","true",
"C","M","20170301","2017","3","201703","634","QAT","Qatar","M","Import","0","W00","World","0","W00","World","H4","HS","true","090112","Coffee; decaffeinated, not roasted","6","true","C00","TOTAL CPC","0","0","TOTAL MOT","8","kg","14970.5","false","8","kg","14970.5","false","14970.5","false","0","false","93080.698","0","93080.698","0","false","true",
"C","M","20170301","2017","3","201703","634","QAT","Qatar","M","Import","0","W00","World","0","W00","World","H4","HS","true","090111","Coffee; not roasted or decaffeinated","6","true","C00","TOTAL CPC","0","0","TOTAL MOT","8","kg","26138.63","false","8","kg","26138.63","false","26138.63","false","0","false","84837.074","0","84837.074","0","false","true",
"C","M","20170201","2017","2","201702","634","QAT","Qatar","M","Import","0","W00","World","0","W00","World","H4","HS","true","090122","Coffee; roasted, decaffeinated","6","true","C00","TOTAL CPC","0","0","TOTAL MOT","8","kg","6611.44","false","8","kg","6611.44","false","6611.44","false","0","false","86194.685","0","86194.685","0","false","true",
"C","M","20171201","2017","12","201712","634","QAT","Qatar","M","Import","0","W00","World","0","W00","World","H4","HS","true","090122","Coffee; roasted, decaffeinated","6","true","C00","TOTAL CPC","0","0","TOTAL MOT","8","kg","2000","false","8","kg","2000","false","2000","false","0","false","32503.606","0","32503.606","0","false","true",
"C","M","20171201","2017","12","201712","634","QAT","Qatar","M","Import","0","W00","World","0","W00","World","H4","HS","true","090121","Coffee; roasted, not decaffeinated","6","true","C00","TOTAL CPC","0","0","TOTAL MOT","8","kg","69177.35","false","8","kg","69177.35","false","69177.35","false","0","false","1015000.404","0","1015000.404","0","false","true",
"C","M","20171201","2017","12","201712","634","QAT","Qatar","M","Import","0","W00","World","0","W00","World","H4","HS","true","090112","Coffee; decaffeinated, not roasted","6","true","C00","TOTAL CPC","0","0","TOTAL MOT","8","kg","43972.9","false","8","kg","43972.9","false","43972.9","false","0","false","316795.573","0","316795.573","0","false","true",
"C","M","20171201","2017","12","201712","634","QAT","Qatar","M","Import","0","W00","World","0","W00","World","H4","HS","true","090111","Coffee; not roasted or decaffeinated","6","true","C00","TOTAL CPC","0","0","TOTAL MOT","8","kg","173308.3","false","8","kg","173308.3","false","173308.3","false","0","false","407874.069","0","407874.069","0","false","true",
"C","M","20171101","2017","11","201711","634","QAT","Qatar","M","Import","0","W00","World","0","W00","World","H4","HS","true","090122","Coffee; roasted, decaffeinated","6","true","C00","TOTAL CPC","0","0","TOTAL MOT","8","kg","2774.1","false","8","kg","2774.1","false","2774.1","false","0","false","61441.794","0","61441.794","0","false","true",
"C","M","20171101","2017","11","201711","634","QAT","Qatar","M","Import","0","W00","World","0","W00","World","H4","HS","true","090121","Coffee; roasted, not decaffeinated","6","true","C00","TOTAL CPC","0","0","TOTAL MOT","8","kg","78057.87","false","8","kg","78057.87","false","78057.87","false","0","false","1188804.381","0","1188804.381","0","false","true",
"C","M","20171101","2017","11","201711","634","QAT","Qatar","M","Import","0","W00","World","0","W00","World","H4","HS","true","090112","Coffee; decaffeinated, not roasted","6","true","C00","TOTAL CPC","0","0","TOTAL MOT","8","kg","6416.5","false","8","kg","6416.5","false","6416.5","false","0","false","48995.627","0","48995.627","0","false","true",
"C","M","20171101","2017","11","201711","634","QAT","Qatar","M","Import","0","W00","World","0","W00","World","H4","HS","true","090111","Coffee; not roasted or decaffeinated","6","true","C00","TOTAL CPC","0","0","TOTAL MOT","8","kg","26915","false","8","kg","26915","false","26915","false","0","false","74353.553","0","74353.553","0","false","true",
"C","M","20171001","2017","10","201710","634","QAT","Qatar","M","Import","0","W00","World","0","W00","World","H4","HS","true","090122","Coffee; roasted, decaffeinated","6","true","C00","TOTAL CPC","0","0","TOTAL MOT","8","kg","2201","false","8","kg","2201","false","2201","false","0","false","35554.523","0","35554.523","0","false","true",
"C","M","20171001","2017","10","201710","634","QAT","Qatar","M","Import","0","W00","World","0","W00","World","H4","HS","true","090121","Coffee; roasted, not decaffeinated","6","true","C00","TOTAL CPC","0","0","TOTAL MOT","8","kg","97805.66","false","8","kg","97805.66","false","97805.66","false","0","false","725251.045","0","725251.045","0","false","true",
"C","M","20171001","2017","10","201710","634","QAT","Qatar","M","Import","0","W00","World","0","W00","World","H4","HS","true","090112","Coffee; decaffeinated, not roasted","6","true","C00","TOTAL CPC","0","0","TOTAL MOT","8","kg","77150","false","8","kg","77150","false","77150","false","0","false","124727.503","0","124727.503","0","false","true",
"C","M","20171001","2017","10","201710","634","QAT","Qatar","M","Import","0","W00","World","0","W00","World","H4","HS","true","090111","Coffee; not roasted or decaffeinated","6","true","C00","TOTAL CPC","0","0","TOTAL MOT","8","kg","164903.2","false","8","kg","164903.2","false","164903.2","false","0","false","1016437.513","0","1016437.513","0","false","true",
"C","M","20170901","2017","9","201709","634","QAT","Qatar","M","Import","0","W00","World","0","W00","World","H4","HS","true","090122","Coffee; roasted, decaffeinated","6","true","C00","TOTAL CPC","0","0","TOTAL MOT","8","kg","4813.71","false","8","kg","4813.71","false","4813.71","false","0","false","96970.179","0","96970.179","0","false","true",
"C","M","20170901","2017","9","201709","634","QAT","Qatar","M","Import","0","W00","World","0","W00","World","H4","HS","true","090121","Coffee; roasted, not decaffeinated","6","true","C00","TOTAL CPC","0","0","TOTAL MOT","8","kg","69856.1","false","8","kg","69856.1","false","69856.1","false","0","false","972782.436","0","972782.436","0","false","true",
"C","M","20170901","2017","9","201709","634","QAT","Qatar","M","Import","0","W00","World","0","W00","World","H4","HS","true","090112","Coffee; decaffeinated, not roasted","6","true","C00","TOTAL CPC","0","0","TOTAL MOT","8","kg","19050","false","8","kg","19050","false","19050","false","0","false","24798.316","0","24798.316","0","false","true",
"C","M","20170901","2017","9","201709","634","QAT","Qatar","M","Import","0","W00","World","0","W00","World","H4","HS","true","090111","Coffee; not roasted or decaffeinated","6","true","C00","TOTAL CPC","0","0","TOTAL MOT","8","kg","26611","false","8","kg","26611","false","26611","false","0","false","71888.409","0","71888.409","0","false","true",
"C","M","20170801","2017","8","201708","634","QAT","Qatar","M","Import","0","W00","World","0","W00","World","H4","HS","true","090122","Coffee; roasted, decaffeinated","6","true","C00","TOTAL CPC","0","0","TOTAL MOT","8","kg","8007.24","false","8","kg","8007.24","false","8007.24","false","0","false","43354.506","0","43354.506","0","false","true",
"C","M","20170801","2017","8","201708","634","QAT","Qatar","M","Import","0","W00","World","0","W00","World","H4","HS","true","090121","Coffee; roasted, not decaffeinated","6","true","C00","TOTAL CPC","0","0","TOTAL MOT","8","kg","106076.97","false","8","kg","106076.97","false","106076.97","false","0","false","980128.488","0","980128.488","0","false","true",
"C","M","20170801","2017","8","201708","634","QAT","Qatar","M","Import","0","W00","World","0","W00","World","H4","HS","true","090112","Coffee; decaffeinated, not roasted","6","true","C00","TOTAL CPC","0","0","TOTAL MOT","8","kg","17747.1","false","8","kg","17747.1","false","17747.1","false","0","false","144329.616","0","144329.616","0","false","true",
"C","M","20170801","2017","8","201708","634","QAT","Qatar","M","Import","0","W00","World","0","W00","World","H4","HS","true","090111","Coffee; not roasted or decaffeinated","6","true","C00","TOTAL CPC","0","0","TOTAL MOT","8","kg","119548.9","false","8","kg","119548.9","false","119548.9","false","0","false","417817.22","0","417817.22","0","false","true",
"C","M","20170701","2017","7","201707","634","QAT","Qatar","M","Import","0","W00","World","0","W00","World","H4","HS","true","090122","Coffee; roasted, decaffeinated","6","true","C00","TOTAL CPC","0","0","TOTAL MOT","8","kg","799.8","false","8","kg","799.8","false","799.8","false","0","false","47342.782","0","47342.782","0","false","true",
"C","M","20170701","2017","7","201707","634","QAT","Qatar","M","Import","0","W00","World","0","W00","World","H4","HS","true","090121","Coffee; roasted, not decaffeinated","6","true","C00","TOTAL CPC","0","0","TOTAL MOT","8","kg","44849.22","false","8","kg","44849.22","false","44849.22","false","0","false","755727.935","0","755727.935","0","false","true",
"C","M","20170701","2017","7","201707","634","QAT","Qatar","M","Import","0","W00","World","0","W00","World","H4","HS","true","090111","Coffee; not roasted or decaffeinated","6","true","C00","TOTAL CPC","0","0","TOTAL MOT","8","kg","49602","false","8","kg","49602","false","49602","false","0","false","109089.394","0","109089.394","0","false","true",
"C","M","20170601","2017","6","201706","634","QAT","Qatar","M","Import","0","W00","World","0","W00","World","H4","HS","true","090122","Coffee; roasted, decaffeinated","6","true","C00","TOTAL CPC","0","0","TOTAL MOT","8","kg","5543.85","false","8","kg","5543.85","false","5543.85","false","0","false","72730.445","0","72730.445","0","false","true",
"C","M","20170301","2017","3","201703","634","QAT","Qatar","M","Import","40","AUT","Austria","0","W00","World","H4","HS","true","090121","Coffee; roasted, not decaffeinated","6","true","C00","TOTAL CPC","0","0","TOTAL MOT","8","kg","1700","false","8","kg","1700","false","1700","false","0","false","54944.408","0","54944.408","0","true","false",
"C","M","20171201","2017","12","201712","634","QAT","Qatar","M","Import","76","BRA","Brazil","0","W00","World","H4","HS","true","090111","Coffee; not roasted or decaffeinated","6","true","C00","TOTAL CPC","0","0","TOTAL MOT","8","kg","43714.7","false","8","kg","43714.7","false","43714.7","false","0","false","125349.251","0","125349.251","0","true","false",
"C","M","20171101","2017","11","201711","634","QAT","Qatar","M","Import","76","BRA","Brazil","0","W00","World","H4","HS","true","090111","Coffee; not roasted or decaffeinated","6","true","C00","TOTAL CPC","0","0","TOTAL MOT","8","kg","15000","false","8","kg","15000","false","15000","false","0","false","40472.655","0","40472.655","0","true","false",
"C","M","20170801","2017","8","201708","634","QAT","Qatar","M","Import","76","BRA","Brazil","0","W00","World","H4","HS","true","090121","Coffee; roasted, not decaffeinated","6","true","C00","TOTAL CPC","0","0","TOTAL MOT","8","kg","16200","false","8","kg","16200","false","16200","false","0","false","50168.376","0","50168.376","0","true","false",
"C","M","20170801","2017","8","201708","634","QAT","Qatar","M","Import","76","BRA","Brazil","0","W00","World","H4","HS","true","090111","Coffee; not roasted or decaffeinated","6","true","C00","TOTAL CPC","0","0","TOTAL MOT","8","kg","40900","false","8","kg","40900","false","40900","false","0","false","126688.167","0","126688.167","0","true","false",
"C","M","20170501","2017","5","201705","634","QAT","Qatar","M","Import","76","BRA","Brazil","0","W00","World","H4","HS","true","090111","Coffee; not roasted or decaffeinated","6","true","C00","TOTAL CPC","0","0","TOTAL MOT","8","kg","4860","false","8","kg","4860","false","4860","false","0","false","16786.894","0","16786.894","0","true","false",
"C","M","20170401","2017","4","201704","634","QAT","Qatar","M","Import","76","BRA","Brazil","0","W00","World","H4","HS","true","090111","Coffee; not roasted or decaffeinated","6","true","C00","TOTAL CPC","0","0","TOTAL MOT","8","kg","45460","false","8","kg","45460","false","45460","false","0","false","133577.875","0","133577.875","0","true","false",
"C","M","20170901","2017","9","201709","634","QAT","Qatar","M","Import","124","CAN","Canada","0","W00","World","H4","HS","true","090122","Coffee; roasted, decaffeinated","6","true","C00","TOTAL CPC","0","0","TOTAL MOT","8","kg","1925.31","false","8","kg","1925.31","false","1925.31","false","0","false","17028.277","0","17028.277","0","true","false",
"C","M","20170801","2017","8","201708","634","QAT","Qatar","M","Import","124","CAN","Canada","0","W00","World","H4","HS","true","090122","Coffee; roasted, decaffeinated","6","true","C00","TOTAL CPC","0","0","TOTAL MOT","8","kg","1234.06","false","8","kg","1234.06","false","1234.06","false","0","false","16221.943","0","16221.943","0","true","false",
"C","M","20170401","2017","4","201704","634","QAT","Qatar","M","Import","156","CHN","China","0","W00","World","H4","HS","true","090111","Coffee; not roasted or decaffeinated","6","true","C00","TOTAL CPC","0","0","TOTAL MOT","8","kg","15000","false","8","kg","15000","false","15000","false","0","false","53839.232","0","53839.232","0","true","false",
"C","M","20171201","2017","12","201712","634","QAT","Qatar","M","Import","156","CHN","China","0","W00","World","H4","HS","true","090111","Coffee; not roasted or decaffeinated","6","true","C00","TOTAL CPC","0","0","TOTAL MOT","8","kg","23501.1","false","8","kg","23501.1","false","23501.1","false","0","false","41719.634","0","41719.634","0","true","false",
"C","M","20171001","2017","10","201710","634","QAT","Qatar","M","Import","156","CHN","China","0","W00","World","H4","HS","true","090121","Coffee; roasted, not decaffeinated","6","true","C00","TOTAL CPC","0","0","TOTAL MOT","8","kg","19000","false","8","kg","19000","false","19000","false","0","false","57598.712","0","57598.712","0","true","false",
"C","M","20171001","2017","10","201710","634","QAT","Qatar","M","Import","156","CHN","China","0","W00","World","H4","HS","true","090111","Coffee; not roasted or decaffeinated","6","true","C00","TOTAL CPC","0","0","TOTAL MOT","8","kg","19000","false","8","kg","19000","false","19000","false","0","false","57598.712","0","57598.712","0","true","false",
"C","M","20170901","2017","9","201709","634","QAT","Qatar","M","Import","156","CHN","China","0","W00","World","H4","HS","true","090112","Coffee; decaffeinated, not roasted","6","true","C00","TOTAL CPC","0","0","TOTAL MOT","8","kg","19050","false","8","kg","19050","false","19050","false","0","false","24798.316","0","24798.316","0","true","false",
"C","M","20170301","2017","3","201703","634","QAT","Qatar","M","Import","231","ETH","Ethiopia","0","W00","World","H4","HS","true","090111","Coffee; not roasted or decaffeinated","6","true","C00","TOTAL CPC","0","0","TOTAL MOT","8","kg","15271","false","8","kg","15271","false","15271","false","0","false","27882.584","0","27882.584","0","true","false",
"C","M","20170201","2017","2","201702","634","QAT","Qatar","M","Import","231","ETH","Ethiopia","0","W00","World","H4","HS","true","090121","Coffee; roasted, not decaffeinated","6","true","C00","TOTAL CPC","0","0","TOTAL MOT","8","kg","5000","false","8","kg","5000","false","5000","false","0","false","18214.267","0","18214.267","0","true","false",
"C","M","20170101","2017","1","201701","634","QAT","Qatar","M","Import","231","ETH","Ethiopia","0","W00","World","H4","HS","true","090112","Coffee; decaffeinated, not roasted","6","true","C00","TOTAL CPC","0","0","TOTAL MOT","8","kg","51405","false","8","kg","51405","false","51405","false","0","false","76025.817","0","76025.817","0","true","false",
"C","M","20170101","2017","1","201701","634","QAT","Qatar","M","Import","231","ETH","Ethiopia","0","W00","World","H4","HS","true","090111","Coffee; not roasted or decaffeinated","6","true","C00","TOTAL CPC","0","0","TOTAL MOT","8","kg","15000","false","8","kg","15000","false","15000","false","0","false","24107.119","0","24107.119","0","true","false",
"C","M","20171001","2017","10","201710","634","QAT","Qatar","M","Import","231","ETH","Ethiopia","0","W00","World","H4","HS","true","090121","Coffee; roasted, not decaffeinated","6","true","C00","TOTAL CPC","0","0","TOTAL MOT","8","kg","25004","false","8","kg","25004","false","25004","false","0","false","80944.096","0","80944.096","0","true","false",
"C","M","20171001","2017","10","201710","634","QAT","Qatar","M","Import","231","ETH","Ethiopia","0","W00","World","H4","HS","true","090112","Coffee; decaffeinated, not roasted","6","true","C00","TOTAL CPC","0","0","TOTAL MOT","8","kg","70000","false","8","kg","70000","false","70000","false","0","false","96501.649","0","96501.649","0","true","false",
"C","M","20171001","2017","10","201710","634","QAT","Qatar","M","Import","231","ETH","Ethiopia","0","W00","World","H4","HS","true","090111","Coffee; not roasted or decaffeinated","6","true","C00","TOTAL CPC","0","0","TOTAL MOT","8","kg","51217","false","8","kg","51217","false","51217","false","0","false","451680.376","0","451680.376","0","true","false",
"C","M","20170901","2017","9","201709","634","QAT","Qatar","M","Import","231","ETH","Ethiopia","0","W00","World","H4","HS","true","090111","Coffee; not roasted or decaffeinated","6","true","C00","TOTAL CPC","0","0","TOTAL MOT","8","kg","7111","false","8","kg","7111","false","7111","false","0","false","44633.175","0","44633.175","0","true","false",
"C","M","20170801","2017","8","201708","634","QAT","Qatar","M","Import","231","ETH","Ethiopia","0","W00","World","H4","HS","true","090112","Coffee; decaffeinated, not roasted","6","true","C00","TOTAL CPC","0","0","TOTAL MOT","8","kg","5098","false","8","kg","5098","false","5098","false","0","false","17798.955","0","17798.955","0","true","false",
"C","M","20170801","2017","8","201708","634","QAT","Qatar","M","Import","231","ETH","Ethiopia","0","W00","World","H4","HS","true","090111","Coffee; not roasted or decaffeinated","6","true","C00","TOTAL CPC","0","0","TOTAL MOT","8","kg","64000","false","8","kg","64000","false","64000","false","0","false","219398.7","0","219398.7","0","true","false",
"C","M","20170601","2017","6","201706","634","QAT","Qatar","M","Import","231","ETH","Ethiopia","0","W00","World","H4","HS","true","090112","Coffee; decaffeinated, not roasted","6","true","C00","TOTAL CPC","0","0","TOTAL MOT","8","kg","4000","false","8","kg","4000","false","4000","false","0","false","16339.269","0","16339.269","0","true","false",
"C","M","20170601","2017","6","201706","634","QAT","Qatar","M","Import","231","ETH","Ethiopia","0","W00","World","H4","HS","true","090111","Coffee; not roasted or decaffeinated","6","true","C00","TOTAL CPC","0","0","TOTAL MOT","8","kg","5150","false","8","kg","5150","false","5150","false","0","false","19873.799","0","19873.799","0","true","false",
"C","M","20170501","2017","5","201705","634","QAT","Qatar","M","Import","231","ETH","Ethiopia","0","W00","World","H4","HS","true","090112","Coffee; decaffeinated, not roasted","6","true","C00","TOTAL CPC","0","0","TOTAL MOT","8","kg","22950","false","8","kg","22950","false","22950","false","0","false","38466.926","0","38466.926","0","true","false",
"C","M","20170501","2017","5","201705","634","QAT","Qatar","M","Import","231","ETH","Ethiopia","0","W00","World","H4","HS","true","090111","Coffee; not roasted or decaffeinated","6","true","C00","TOTAL CPC","0","0","TOTAL MOT","8","kg","22500","false","8","kg","22500","false","22500","false","0","false","68303.503","0","68303.503","0","true","false",
"C","M","20170401","2017","4","201704","634","QAT","Qatar","M","Import","231","ETH","Ethiopia","0","W00","World","H4","HS","true","090112","Coffee; decaffeinated, not roasted","6","true","C00","TOTAL CPC","0","0","TOTAL MOT","8","kg","18500","false","8","kg","18500","false","18500","false","0","false","44196.384","0","44196.384","0","true","false",
"C","M","20170401","2017","4","201704","634","QAT","Qatar","M","Import","231","ETH","Ethiopia","0","W00","World","H4","HS","true","090111","Coffee; not roasted or decaffeinated","6","true","C00","TOTAL CPC","0","0","TOTAL MOT","8","kg","7500","false","8","kg","7500","false","7500","false","0","false","26919.616","0","26919.616","0","true","false",
"C","M","20170301","2017","3","201703","634","QAT","Qatar","M","Import","231","ETH","Ethiopia","0","W00","World","H4","HS","true","090122","Coffee; roasted, decaffeinated","6","true","C00","TOTAL CPC","0","0","TOTAL MOT","8","kg","5000","false","8","kg","5000","false","5000","false","0","false","17410.697","0","17410.697","0","true","false",
"C","M","20171201","2017","12","201712","634","QAT","Qatar","M","Import","231","ETH","Ethiopia","0","W00","World","H4","HS","true","090112","Coffee; decaffeinated, not roasted","6","true","C00","TOTAL CPC","0","0","TOTAL MOT","8","kg","13754","false","8","kg","13754","false","13754","false","0","false","21860.473","0","21860.473","0","true","false",
"C","M","20171201","2017","12","201712","634","QAT","Qatar","M","Import","231","ETH","Ethiopia","0","W00","World","H4","HS","true","090111","Coffee; not roasted or decaffeinated","6","true","C00","TOTAL CPC","0","0","TOTAL MOT","8","kg","52675","false","8","kg","52675","false","52675","false","0","false","150844.448","0","150844.448","0","true","false",
"C","M","20170501","2017","5","201705","634","QAT","Qatar","M","Import","251","FRA","France","0","W00","World","H4","HS","true","090121","Coffee; roasted, not decaffeinated","6","true","C00","TOTAL CPC","0","0","TOTAL MOT","8","kg","2831","false","8","kg","2831","false","2831","false","0","false","36897.425","0","36897.425","0","true","false",
"C","M","20171201","2017","12","201712","634","QAT","Qatar","M","Import","276","DEU","Germany","0","W00","World","H4","HS","true","090122","Coffee; roasted, decaffeinated","6","true","C00","TOTAL CPC","0","0","TOTAL MOT","8","kg","2000","false","8","kg","2000","false","2000","false","0","false","32503.606","0","32503.606","0","true","false",
"C","M","20171201","2017","12","201712","634","QAT","Qatar","M","Import","276","DEU","Germany","0","W00","World","H4","HS","true","090121","Coffee; roasted, not decaffeinated","6","true","C00","TOTAL CPC","0","0","TOTAL MOT","8","kg","383","false","8","kg","383","false","383","false","0","false","13738.084","0","13738.084","0","true","false",
"C","M","20171101","2017","11","201711","634","QAT","Qatar","M","Import","276","DEU","Germany","0","W00","World","H4","HS","true","090121","Coffee; roasted, not decaffeinated","6","true","C00","TOTAL CPC","0","0","TOTAL MOT","8","kg","1124.4","false","8","kg","1124.4","false","1124.4","false","0","false","15355.968","0","15355.968","0","true","false",
"C","M","20170901","2017","9","201709","634","QAT","Qatar","M","Import","276","DEU","Germany","0","W00","World","H4","HS","true","090122","Coffee; roasted, decaffeinated","6","true","C00","TOTAL CPC","0","0","TOTAL MOT","8","kg","1501","false","8","kg","1501","false","1501","false","0","false","22792.344","0","22792.344","0","true","false",
"C","M","20170901","2017","9","201709","634","QAT","Qatar","M","Import","276","DEU","Germany","0","W00","World","H4","HS","true","090121","Coffee; roasted, not decaffeinated","6","true","C00","TOTAL CPC","0","0","TOTAL MOT","8","kg","2275","false","8","kg","2275","false","2275","false","0","false","31842.006","0","31842.006","0","true","false",
"C","M","20170701","2017","7","201707","634","QAT","Qatar","M","Import","276","DEU","Germany","0","W00","World","H4","HS","true","090121","Coffee; roasted, not decaffeinated","6","true","C00","TOTAL CPC","0","0","TOTAL MOT","8","kg","493.9","false","8","kg","493.9","false","493.9","false","0","false","14937.173","0","14937.173","0","true","false",
"C","M","20171201","2017","12","201712","634","QAT","Qatar","M","Import","380","ITA","Italy","0","W00","World","H4","HS","true","090112","Coffee; decaffeinated, not roasted","6","true","C00","TOTAL CPC","0","0","TOTAL MOT","8","kg","2487.4","false","8","kg","2487.4","false","2487.4","false","0","false","33502.401","0","33502.401","0","true","false",
"C","M","20171101","2017","11","201711","634","QAT","Qatar","M","Import","380","ITA","Italy","0","W00","World","H4","HS","true","090122","Coffee; roasted, decaffeinated","6","true","C00","TOTAL CPC","0","0","TOTAL MOT","8","kg","2582.9","false","8","kg","2582.9","false","2582.9","false","0","false","41589.787","0","41589.787","0","true","false",
"C","M","20170301","2017","3","201703","634","QAT","Qatar","M","Import","380","ITA","Italy","0","W00","World","H4","HS","true","090121","Coffee; roasted, not decaffeinated","6","true","C00","TOTAL CPC","0","0","TOTAL MOT","8","kg","6638.9","false","8","kg","6638.9","false","6638.9","false","0","false","89794.86","0","89794.86","0","true","false",
"C","M","20170301","2017","3","201703","634","QAT","Qatar","M","Import","380","ITA","Italy","0","W00","World","H4","HS","true","090111","Coffee; not roasted or decaffeinated","6","true","C00","TOTAL CPC","0","0","TOTAL MOT","8","kg","2269","false","8","kg","2269","false","2269","false","0","false","18560.968","0","18560.968","0","true","false",
"C","M","20170201","2017","2","201702","634","QAT","Qatar","M","Import","380","ITA","Italy","0","W00","World","H4","HS","true","090122","Coffee; roasted, decaffeinated","6","true","C00","TOTAL CPC","0","0","TOTAL MOT","8","kg","2550.94","false","8","kg","2550.94","false","2550.94","false","0","false","30294.026","0","30294.026","0","true","false",
"C","M","20170201","2017","2","201702","634","QAT","Qatar","M","Import","380","ITA","Italy","0","W00","World","H4","HS","true","090121","Coffee; roasted, not decaffeinated","6","true","C00","TOTAL CPC","0","0","TOTAL MOT","8","kg","16037","false","8","kg","16037","false","16037","false","0","false","216570.648","0","216570.648","0","true","false",
"C","M","20170101","2017","1","201701","634","QAT","Qatar","M","Import","380","ITA","Italy","0","W00","World","H4","HS","true","090121","Coffee; roasted, not decaffeinated","6","true","C00","TOTAL CPC","0","0","TOTAL MOT","8","kg","10269","false","8","kg","10269","false","10269","false","0","false","145417.82","0","145417.82","0","true","false",
"C","M","20171101","2017","11","201711","634","QAT","Qatar","M","Import","380","ITA","Italy","0","W00","World","H4","HS","true","090121","Coffee; roasted, not decaffeinated","6","true","C00","TOTAL CPC","0","0","TOTAL MOT","8","kg","9219.95","false","8","kg","9219.95","false","9219.95","false","0","false","248757.858","0","248757.858","0","true","false",
"C","M","20171001","2017","10","201710","634","QAT","Qatar","M","Import","380","ITA","Italy","0","W00","World","H4","HS","true","090122","Coffee; roasted, decaffeinated","6","true","C00","TOTAL CPC","0","0","TOTAL MOT","8","kg","2201","false","8","kg","2201","false","2201","false","0","false","35554.523","0","35554.523","0","true","false",
"C","M","20171001","2017","10","201710","634","QAT","Qatar","M","Import","380","ITA","Italy","0","W00","World","H4","HS","true","090121","Coffee; roasted, not decaffeinated","6","true","C00","TOTAL CPC","0","0","TOTAL MOT","8","kg","6352.6","false","8","kg","6352.6","false","6352.6","false","0","false","109599.723","0","109599.723","0","true","false",
"C","M","20171001","2017","10","201710","634","QAT","Qatar","M","Import","380","ITA","Italy","0","W00","World","H4","HS","true","090111","Coffee; not roasted or decaffeinated","6","true","C00","TOTAL CPC","0","0","TOTAL MOT","8","kg","508","false","8","kg","508","false","508","false","0","false","15308.954","0","15308.954","0","true","false",
"C","M","20170901","2017","9","201709","634","QAT","Qatar","M","Import","380","ITA","Italy","0","W00","World","H4","HS","true","090121","Coffee; roasted, not decaffeinated","6","true","C00","TOTAL CPC","0","0","TOTAL MOT","8","kg","21364.3","false","8","kg","21364.3","false","21364.3","false","0","false","305291.413","0","305291.413","0","true","false",
"C","M","20170801","2017","8","201708","634","QAT","Qatar","M","Import","380","ITA","Italy","0","W00","World","H4","HS","true","090122","Coffee; roasted, decaffeinated","6","true","C00","TOTAL CPC","0","0","TOTAL MOT","8","kg","6773.18","false","8","kg","6773.18","false","6773.18","false","0","false","27132.563","0","27132.563","0","true","false",
"C","M","20170801","2017","8","201708","634","QAT","Qatar","M","Import","380","ITA","Italy","0","W00","World","H4","HS","true","090121","Coffee; roasted, not decaffeinated","6","true","C00","TOTAL CPC","0","0","TOTAL MOT","8","kg","35791.2","false","8","kg","35791.2","false","35791.2","false","0","false","326304.43","0","326304.43","0","true","false",
"C","M","20170701","2017","7","201707","634","QAT","Qatar","M","Import","380","ITA","Italy","0","W00","World","H4","HS","true","090121","Coffee; roasted, not decaffeinated","6","true","C00","TOTAL CPC","0","0","TOTAL MOT","8","kg","1149.25","false","8","kg","1149.25","false","1149.25","false","0","false","19144.259","0","19144.259","0","true","false",
"C","M","20170601","2017","6","201706","634","QAT","Qatar","M","Import","380","ITA","Italy","0","W00","World","H4","HS","true","090122","Coffee; roasted, decaffeinated","6","true","C00","TOTAL CPC","0","0","TOTAL MOT","8","kg","5543.85","false","8","kg","5543.85","false","5543.85","false","0","false","72730.445","0","72730.445","0","true","false",
"C","M","20170601","2017","6","201706","634","QAT","Qatar","M","Import","380","ITA","Italy","0","W00","World","H4","HS","true","090121","Coffee; roasted, not decaffeinated","6","true","C00","TOTAL CPC","0","0","TOTAL MOT","8","kg","17364.1","false","8","kg","17364.1","false","17364.1","false","0","false","188616.935","0","188616.935","0","true","false",
"C","M","20170501","2017","5","201705","634","QAT","Qatar","M","Import","380","ITA","Italy","0","W00","World","H4","HS","true","090121","Coffee; roasted, not decaffeinated","6","true","C00","TOTAL CPC","0","0","TOTAL MOT","8","kg","6197.5","false","8","kg","6197.5","false","6197.5","false","0","false","119940.162","0","119940.162","0","true","false",
"C","M","20170401","2017","4","201704","634","QAT","Qatar","M","Import","380","ITA","Italy","0","W00","World","H4","HS","true","090122","Coffee; roasted, decaffeinated","6","true","C00","TOTAL CPC","0","0","TOTAL MOT","8","kg","299","false","8","kg","299","false","299","false","0","false","15989.103","0","15989.103","0","true","false",
"C","M","20170401","2017","4","201704","634","QAT","Qatar","M","Import","380","ITA","Italy","0","W00","World","H4","HS","true","090121","Coffee; roasted, not decaffeinated","6","true","C00","TOTAL CPC","0","0","TOTAL MOT","8","kg","23674","false","8","kg","23674","false","23674","false","0","false","311764.078","0","311764.078","0","true","false",
"C","M","20170301","2017","3","201703","634","QAT","Qatar","M","Import","414","KWT","Kuwait","0","W00","World","H4","HS","true","090122","Coffee; roasted, decaffeinated","6","true","C00","TOTAL CPC","0","0","TOTAL MOT","8","kg","1253","false","8","kg","1253","false","1253","false","0","false","14110.315","0","14110.315","0","true","false",
"C","M","20171101","2017","11","201711","634","QAT","Qatar","M","Import","414","KWT","Kuwait","0","W00","World","H4","HS","true","090112","Coffee; decaffeinated, not roasted","6","true","C00","TOTAL CPC","0","0","TOTAL MOT","8","kg","6416.5","false","8","kg","6416.5","false","6416.5","false","0","false","48995.627","0","48995.627","0","true","false",
"C","M","20171001","2017","10","201710","634","QAT","Qatar","M","Import","414","KWT","Kuwait","0","W00","World","H4","HS","true","090111","Coffee; not roasted or decaffeinated","6","true","C00","TOTAL CPC","0","0","TOTAL MOT","8","kg","3179.2","false","8","kg","3179.2","false","3179.2","false","0","false","29481.414","0","29481.414","0","true","false",
"C","M","20170801","2017","8","201708","634","QAT","Qatar","M","Import","414","KWT","Kuwait","0","W00","World","H4","HS","true","090112","Coffee; decaffeinated, not roasted","6","true","C00","TOTAL CPC","0","0","TOTAL MOT","8","kg","7934.9","false","8","kg","7934.9","false","7934.9","false","0","false","91459.02","0","91459.02","0","true","false",
"C","M","20170501","2017","5","201705","634","QAT","Qatar","M","Import","414","KWT","Kuwait","0","W00","World","H4","HS","true","090121","Coffee; roasted, not decaffeinated","6","true","C00","TOTAL CPC","0","0","TOTAL MOT","8","kg","1063","false","8","kg","1063","false","1063","false","0","false","14405.153","0","14405.153","0","true","false",
"C","M","20170801","2017","8","201708","634","QAT","Qatar","M","Import","422","LBN","Lebanon","0","W00","World","H4","HS","true","090112","Coffee; decaffeinated, not roasted","6","true","C00","TOTAL CPC","0","0","TOTAL MOT","8","kg","4714.2","false","8","kg","4714.2","false","4714.2","false","0","false","35071.642","0","35071.642","0","true","false",
"C","M","20170801","2017","8","201708","634","QAT","Qatar","M","Import","422","LBN","Lebanon","0","W00","World","H4","HS","true","090111","Coffee; not roasted or decaffeinated","6","true","C00","TOTAL CPC","0","0","TOTAL MOT","8","kg","3458.4","false","8","kg","3458.4","false","3458.4","false","0","false","36376.064","0","36376.064","0","true","false",
"C","M","20170701","2017","7","201707","634","QAT","Qatar","M","Import","422","LBN","Lebanon","0","W00","World","H4","HS","true","090121","Coffee; roasted, not decaffeinated","6","true","C00","TOTAL CPC","0","0","TOTAL MOT","8","kg","25948","false","8","kg","25948","false","25948","false","0","false","267717.949","0","267717.949","0","true","false",
"C","M","20170701","2017","7","201707","634","QAT","Qatar","M","Import","422","LBN","Lebanon","0","W00","World","H4","HS","true","090111","Coffee; not roasted or decaffeinated","6","true","C00","TOTAL CPC","0","0","TOTAL MOT","8","kg","9602","false","8","kg","9602","false","9602","false","0","false","62759.978","0","62759.978","0","true","false",
"C","M","20170401","2017","4","201704","634","QAT","Qatar","M","Import","422","LBN","Lebanon","0","W00","World","H4","HS","true","090121","Coffee; roasted, not decaffeinated","6","true","C00","TOTAL CPC","0","0","TOTAL MOT","8","kg","25565","false","8","kg","25565","false","25565","false","0","false","263061.308","0","263061.308","0","true","false",
"C","M","20170301","2017","3","201703","634","QAT","Qatar","M","Import","422","LBN","Lebanon","0","W00","World","H4","HS","true","090121","Coffee; roasted, not decaffeinated","6","true","C00","TOTAL CPC","0","0","TOTAL MOT","8","kg","32727.8","false","8","kg","32727.8","false","32727.8","false","0","false","285402.722","0","285402.722","0","true","false",
"C","M","20170101","2017","1","201701","634","QAT","Qatar","M","Import","422","LBN","Lebanon","0","W00","World","H4","HS","true","090121","Coffee; roasted, not decaffeinated","6","true","C00","TOTAL CPC","0","0","TOTAL MOT","8","kg","26484.3","false","8","kg","26484.3","false","26484.3","false","0","false","273300.479","0","273300.479","0","true","false",
"C","M","20171201","2017","12","201712","634","QAT","Qatar","M","Import","422","LBN","Lebanon","0","W00","World","H4","HS","true","090121","Coffee; roasted, not decaffeinated","6","true","C00","TOTAL CPC","0","0","TOTAL MOT","8","kg","30734.6","false","8","kg","30734.6","false","30734.6","false","0","false","287157.655","0","287157.655","0","true","false",
"C","M","20171201","2017","12","201712","634","QAT","Qatar","M","Import","422","LBN","Lebanon","0","W00","World","H4","HS","true","090112","Coffee; decaffeinated, not roasted","6","true","C00","TOTAL CPC","0","0","TOTAL MOT","8","kg","3181.5","false","8","kg","3181.5","false","3181.5","false","0","false","31138.824","0","31138.824","0","true","false",
"C","M","20171101","2017","11","201711","634","QAT","Qatar","M","Import","422","LBN","Lebanon","0","W00","World","H4","HS","true","090121","Coffee; roasted, not decaffeinated","6","true","C00","TOTAL CPC","0","0","TOTAL MOT","8","kg","23757.1","false","8","kg","23757.1","false","23757.1","false","0","false","249402.595","0","249402.595","0","true","false",
"C","M","20171001","2017","10","201710","634","QAT","Qatar","M","Import","422","LBN","Lebanon","0","W00","World","H4","HS","true","090121","Coffee; roasted, not decaffeinated","6","true","C00","TOTAL CPC","0","0","TOTAL MOT","8","kg","20321.1","false","8","kg","20321.1","false","20321.1","false","0","false","210189.184","0","210189.184","0","true","false",
"C","M","20170901","2017","9","201709","634","QAT","Qatar","M","Import","422","LBN","Lebanon","0","W00","World","H4","HS","true","090121","Coffee; roasted, not decaffeinated","6","true","C00","TOTAL CPC","0","0","TOTAL MOT","8","kg","1800","false","8","kg","1800","false","1800","false","0","false","16812.964","0","16812.964","0","true","false",
"C","M","20171101","2017","11","201711","634","QAT","Qatar","M","Import","458","MYS","Malaysia","0","W00","World","H4","HS","true","090121","Coffee; roasted, not decaffeinated","6","true","C00","TOTAL CPC","0","0","TOTAL MOT","8","kg","15570","false","8","kg","15570","false","15570","false","0","false","126141.346","0","126141.346","0","true","false",
"C","M","20171001","2017","10","201710","634","QAT","Qatar","M","Import","458","MYS","Malaysia","0","W00","World","H4","HS","true","090121","Coffee; roasted, not decaffeinated","6","true","C00","TOTAL CPC","0","0","TOTAL MOT","8","kg","2873","false","8","kg","2873","false","2873","false","0","false","19975.348","0","19975.348","0","true","false",
"C","M","20171001","2017","10","201710","634","QAT","Qatar","M","Import","528","NLD","Netherlands","0","W00","World","H4","HS","true","090121","Coffee; roasted, not decaffeinated","6","true","C00","TOTAL CPC","0","0","TOTAL MOT","8","kg","9835.98","false","8","kg","9835.98","false","9835.98","false","0","false","122243.374","0","122243.374","0","true","false",
"C","M","20170901","2017","9","201709","634","QAT","Qatar","M","Import","528","NLD","Netherlands","0","W00","World","H4","HS","true","090121","Coffee; roasted, not decaffeinated","6","true","C00","TOTAL CPC","0","0","TOTAL MOT","8","kg","7848","false","8","kg","7848","false","7848","false","0","false","86244.778","0","86244.778","0","true","false",
"C","M","20170801","2017","8","201708","634","QAT","Qatar","M","Import","528","NLD","Netherlands","0","W00","World","H4","HS","true","090121","Coffee; roasted, not decaffeinated","6","true","C00","TOTAL CPC","0","0","TOTAL MOT","8","kg","4326","false","8","kg","4326","false","4326","false","0","false","34281.237","0","34281.237","0","true","false",
"C","M","20170501","2017","5","201705","634","QAT","Qatar","M","Import","528","NLD","Netherlands","0","W00","World","H4","HS","true","090121","Coffee; roasted, not decaffeinated","6","true","C00","TOTAL CPC","0","0","TOTAL MOT","8","kg","11497.8","false","8","kg","11497.8","false","11497.8","false","0","false","84945.837","0","84945.837","0","true","false",
"C","M","20170401","2017","4","201704","634","QAT","Qatar","M","Import","528","NLD","Netherlands","0","W00","World","H4","HS","true","090121","Coffee; roasted, not decaffeinated","6","true","C00","TOTAL CPC","0","0","TOTAL MOT","8","kg","12027","false","8","kg","12027","false","12027","false","0","false","67591.303","0","67591.303","0","true","false",
"C","M","20170201","2017","2","201702","634","QAT","Qatar","M","Import","528","NLD","Netherlands","0","W00","World","H4","HS","true","090121","Coffee; roasted, not decaffeinated","6","true","C00","TOTAL CPC","0","0","TOTAL MOT","8","kg","7276.34","false","8","kg","7276.34","false","7276.34","false","0","false","53269.508","0","53269.508","0","true","false",
"C","M","20170101","2017","1","201701","634","QAT","Qatar","M","Import","528","NLD","Netherlands","0","W00","World","H4","HS","true","090121","Coffee; roasted, not decaffeinated","6","true","C00","TOTAL CPC","0","0","TOTAL MOT","8","kg","8456","false","8","kg","8456","false","8456","false","0","false","75614.107","0","75614.107","0","true","false",
"C","M","20170201","2017","2","201702","634","QAT","Qatar","M","Import","682","SAU","Saudi Arabia","0","W00","World","H4","HS","true","090122","Coffee; roasted, decaffeinated","6","true","C00","TOTAL CPC","0","0","TOTAL MOT","8","kg","4060.5","false","8","kg","4060.5","false","4060.5","false","0","false","55900.658","0","55900.658","0","true","false",
"C","M","20171101","2017","11","201711","634","QAT","Qatar","M","Import","699","IND","India","0","W00","World","H4","HS","true","090111","Coffee; not roasted or decaffeinated","6","true","C00","TOTAL CPC","0","0","TOTAL MOT","8","kg","6650","false","8","kg","6650","false","6650","false","0","false","17397.123","0","17397.123","0","true","false",
"C","M","20171001","2017","10","201710","634","QAT","Qatar","M","Import","699","IND","India","0","W00","World","H4","HS","true","090112","Coffee; decaffeinated, not roasted","6","true","C00","TOTAL CPC","0","0","TOTAL MOT","8","kg","7150","false","8","kg","7150","false","7150","false","0","false","28225.854","0","28225.854","0","true","false",
"C","M","20171001","2017","10","201710","634","QAT","Qatar","M","Import","699","IND","India","0","W00","World","H4","HS","true","090111","Coffee; not roasted or decaffeinated","6","true","C00","TOTAL CPC","0","0","TOTAL MOT","8","kg","45599","false","8","kg","45599","false","45599","false","0","false","67396.688","0","67396.688","0","true","false",
"C","M","20170801","2017","8","201708","634","QAT","Qatar","M","Import","699","IND","India","0","W00","World","H4","HS","true","090111","Coffee; not roasted or decaffeinated","6","true","C00","TOTAL CPC","0","0","TOTAL MOT","8","kg","1190.5","false","8","kg","1190.5","false","1190.5","false","0","false","15496.972","0","15496.972","0","true","false",
"C","M","20170701","2017","7","201707","634","QAT","Qatar","M","Import","699","IND","India","0","W00","World","H4","HS","true","090111","Coffee; not roasted or decaffeinated","6","true","C00","TOTAL CPC","0","0","TOTAL MOT","8","kg","40000","false","8","kg","40000","false","40000","false","0","false","46329.415","0","46329.415","0","true","false",
"C","M","20170401","2017","4","201704","634","QAT","Qatar","M","Import","699","IND","India","0","W00","World","H4","HS","true","090111","Coffee; not roasted or decaffeinated","6","true","C00","TOTAL CPC","0","0","TOTAL MOT","8","kg","34440","false","8","kg","34440","false","34440","false","0","false","56381.696","0","56381.696","0","true","false",
"C","M","20170201","2017","2","201702","634","QAT","Qatar","M","Import","699","IND","India","0","W00","World","H4","HS","true","090111","Coffee; not roasted or decaffeinated","6","true","C00","TOTAL CPC","0","0","TOTAL MOT","8","kg","22020.5","false","8","kg","22020.5","false","22020.5","false","0","false","28212.003","0","28212.003","0","true","false",
"C","M","20171201","2017","12","201712","634","QAT","Qatar","M","Import","699","IND","India","0","W00","World","H4","HS","true","090112","Coffee; decaffeinated, not roasted","6","true","C00","TOTAL CPC","0","0","TOTAL MOT","8","kg","1700","false","8","kg","1700","false","1700","false","0","false","38379.509","0","38379.509","0","true","false",
"C","M","20171001","2017","10","201710","634","QAT","Qatar","M","Import","724","ESP","Spain","0","W00","World","H4","HS","true","090121","Coffee; roasted, not decaffeinated","6","true","C00","TOTAL CPC","0","0","TOTAL MOT","8","kg","716.86","false","8","kg","716.86","false","716.86","false","0","false","20384.943","0","20384.943","0","true","false",
"C","M","20170801","2017","8","201708","634","QAT","Qatar","M","Import","724","ESP","Spain","0","W00","World","H4","HS","true","090121","Coffee; roasted, not decaffeinated","6","true","C00","TOTAL CPC","0","0","TOTAL MOT","8","kg","1874.49","false","8","kg","1874.49","false","1874.49","false","0","false","26607.45","0","26607.45","0","true","false",
"C","M","20171201","2017","12","201712","634","QAT","Qatar","M","Import","724","ESP","Spain","0","W00","World","H4","HS","true","090121","Coffee; roasted, not decaffeinated","6","true","C00","TOTAL CPC","0","0","TOTAL MOT","8","kg","739.53","false","8","kg","739.53","false","739.53","false","0","false","20048.002","0","20048.002","0","true","false",
"C","M","20170701","2017","7","201707","634","QAT","Qatar","M","Import","757","CHE","Switzerland","0","W00","World","H4","HS","true","090122","Coffee; roasted, decaffeinated","6","true","C00","TOTAL CPC","0","0","TOTAL MOT","8","kg","799.8","false","8","kg","799.8","false","799.8","false","0","false","47342.782","0","47342.782","0","true","false",
"C","M","20170701","2017","7","201707","634","QAT","Qatar","M","Import","757","CHE","Switzerland","0","W00","World","H4","HS","true","090121","Coffee; roasted, not decaffeinated","6","true","C00","TOTAL CPC","0","0","TOTAL MOT","8","kg","6561.69","false","8","kg","6561.69","false","6561.69","false","0","false","377607.242","0","377607.242","0","true","false",
"C","M","20170501","2017","5","201705","634","QAT","Qatar","M","Import","757","CHE","Switzerland","0","W00","World","H4","HS","true","090122","Coffee; roasted, decaffeinated","6","true","C00","TOTAL CPC","0","0","TOTAL MOT","8","kg","1036","false","8","kg","1036","false","1036","false","0","false","51371.49","0","51371.49","0","true","false",
"C","M","20170501","2017","5","201705","634","QAT","Qatar","M","Import","757","CHE","Switzerland","0","W00","World","H4","HS","true","090121","Coffee; roasted, not decaffeinated","6","true","C00","TOTAL CPC","0","0","TOTAL MOT","8","kg","3633","false","8","kg","3633","false","3633","false","0","false","230830.519","0","230830.519","0","true","false",
"C","M","20170401","2017","4","201704","634","QAT","Qatar","M","Import","757","CHE","Switzerland","0","W00","World","H4","HS","true","090122","Coffee; roasted, decaffeinated","6","true","C00","TOTAL CPC","0","0","TOTAL MOT","8","kg","551","false","8","kg","551","false","551","false","0","false","23283.533","0","23283.533","0","true","false",
"C","M","20170401","2017","4","201704","634","QAT","Qatar","M","Import","757","CHE","Switzerland","0","W00","World","H4","HS","true","090121","Coffee; roasted, not decaffeinated","6","true","C00","TOTAL CPC","0","0","TOTAL MOT","8","kg","4729","false","8","kg","4729","false","4729","false","0","false","286082.881","0","286082.881","0","true","false",
"C","M","20170101","2017","1","201701","634","QAT","Qatar","M","Import","757","CHE","Switzerland","0","W00","World","H4","HS","true","090121","Coffee; roasted, not decaffeinated","6","true","C00","TOTAL CPC","0","0","TOTAL MOT","8","kg","4562","false","8","kg","4562","false","4562","false","0","false","283172.757","0","283172.757","0","true","false",
"C","M","20171201","2017","12","201712","634","QAT","Qatar","M","Import","757","CHE","Switzerland","0","W00","World","H4","HS","true","090121","Coffee; roasted, not decaffeinated","6","true","C00","TOTAL CPC","0","0","TOTAL MOT","8","kg","11083.4","false","8","kg","11083.4","false","11083.4","false","0","false","426523.204","0","426523.204","0","true","false",
"C","M","20171101","2017","11","201711","634","QAT","Qatar","M","Import","757","CHE","Switzerland","0","W00","World","H4","HS","true","090122","Coffee; roasted, decaffeinated","6","true","C00","TOTAL CPC","0","0","TOTAL MOT","8","kg","191.2","false","8","kg","191.2","false","191.2","false","0","false","19852.006","0","19852.006","0","true","false",
"C","M","20171101","2017","11","201711","634","QAT","Qatar","M","Import","757","CHE","Switzerland","0","W00","World","H4","HS","true","090121","Coffee; roasted, not decaffeinated","6","true","C00","TOTAL CPC","0","0","TOTAL MOT","8","kg","8698.8","false","8","kg","8698.8","false","8698.8","false","0","false","316878.848","0","316878.848","0","true","false",
"C","M","20170901","2017","9","201709","634","QAT","Qatar","M","Import","757","CHE","Switzerland","0","W00","World","H4","HS","true","090122","Coffee; roasted, decaffeinated","6","true","C00","TOTAL CPC","0","0","TOTAL MOT","8","kg","1387.4","false","8","kg","1387.4","false","1387.4","false","0","false","57149.558","0","57149.558","0","true","false",
"C","M","20170301","2017","3","201703","634","QAT","Qatar","M","Import","784","ARE","United Arab Emirates","0","W00","World","H4","HS","true","090111","Coffee; not roasted or decaffeinated","6","true","C00","TOTAL CPC","0","0","TOTAL MOT","8","kg","1905.63","false","8","kg","1905.63","false","1905.63","false","0","false","20330.704","0","20330.704","0","true","false",
"C","M","20170201","2017","2","201702","634","QAT","Qatar","M","Import","784","ARE","United Arab Emirates","0","W00","World","H4","HS","true","090121","Coffee; roasted, not decaffeinated","6","true","C00","TOTAL CPC","0","0","TOTAL MOT","8","kg","1310.5","false","8","kg","1310.5","false","1310.5","false","0","false","23304.631","0","23304.631","0","true","false",
"C","M","20170501","2017","5","201705","634","QAT","Qatar","M","Import","784","ARE","United Arab Emirates","0","W00","World","H4","HS","true","090121","Coffee; roasted, not decaffeinated","6","true","C00","TOTAL CPC","0","0","TOTAL MOT","8","kg","3715.5","false","8","kg","3715.5","false","3715.5","false","0","false","56181.283","0","56181.283","0","true","false",
"C","M","20170401","2017","4","201704","634","QAT","Qatar","M","Import","784","ARE","United Arab Emirates","0","W00","World","H4","HS","true","090121","Coffee; roasted, not decaffeinated","6","true","C00","TOTAL CPC","0","0","TOTAL MOT","8","kg","2797","false","8","kg","2797","false","2797","false","0","false","26103.963","0","26103.963","0","true","false",
"C","M","20170701","2017","7","201707","634","QAT","Qatar","M","Import","826","GBR","United Kingdom","0","W00","World","H4","HS","true","090121","Coffee; roasted, not decaffeinated","6","true","C00","TOTAL CPC","0","0","TOTAL MOT","8","kg","7076.4","false","8","kg","7076.4","false","7076.4","false","0","false","56175.127","0","56175.127","0","true","false",
"C","M","20170601","2017","6","201706","634","QAT","Qatar","M","Import","826","GBR","United Kingdom","0","W00","World","H4","HS","true","090121","Coffee; roasted, not decaffeinated","6","true","C00","TOTAL CPC","0","0","TOTAL MOT","8","kg","14007.1","false","8","kg","14007.1","false","14007.1","false","0","false","109419.258","0","109419.258","0","true","false",
"C","M","20170501","2017","5","201705","634","QAT","Qatar","M","Import","826","GBR","United Kingdom","0","W00","World","H4","HS","true","090121","Coffee; roasted, not decaffeinated","6","true","C00","TOTAL CPC","0","0","TOTAL MOT","8","kg","23683.1","false","8","kg","23683.1","false","23683.1","false","0","false","192722.925","0","192722.925","0","true","false",
"C","M","20170401","2017","4","201704","634","QAT","Qatar","M","Import","826","GBR","United Kingdom","0","W00","World","H4","HS","true","090121","Coffee; roasted, not decaffeinated","6","true","C00","TOTAL CPC","0","0","TOTAL MOT","8","kg","30307","false","8","kg","30307","false","30307","false","0","false","285664.155","0","285664.155","0","true","false",
"C","M","20170301","2017","3","201703","634","QAT","Qatar","M","Import","826","GBR","United Kingdom","0","W00","World","H4","HS","true","090121","Coffee; roasted, not decaffeinated","6","true","C00","TOTAL CPC","0","0","TOTAL MOT","8","kg","7922.1","false","8","kg","7922.1","false","7922.1","false","0","false","64175.58","0","64175.58","0","true","false",
"C","M","20170201","2017","2","201702","634","QAT","Qatar","M","Import","826","GBR","United Kingdom","0","W00","World","H4","HS","true","090121","Coffee; roasted, not decaffeinated","6","true","C00","TOTAL CPC","0","0","TOTAL MOT","8","kg","9102.25","false","8","kg","9102.25","false","9102.25","false","0","false","84766.41","0","84766.41","0","true","false",
"C","M","20170101","2017","1","201701","634","QAT","Qatar","M","Import","826","GBR","United Kingdom","0","W00","World","H4","HS","true","090121","Coffee; roasted, not decaffeinated","6","true","C00","TOTAL CPC","0","0","TOTAL MOT","8","kg","36402.6","false","8","kg","36402.6","false","36402.6","false","0","false","291643.181","0","291643.181","0","true","false",
"C","M","20171201","2017","12","201712","634","QAT","Qatar","M","Import","826","GBR","United Kingdom","0","W00","World","H4","HS","true","090121","Coffee; roasted, not decaffeinated","6","true","C00","TOTAL CPC","0","0","TOTAL MOT","8","kg","10533","false","8","kg","10533","false","10533","false","0","false","97298.066","0","97298.066","0","true","false",
"C","M","20171101","2017","11","201711","634","QAT","Qatar","M","Import","826","GBR","United Kingdom","0","W00","World","H4","HS","true","090121","Coffee; roasted, not decaffeinated","6","true","C00","TOTAL CPC","0","0","TOTAL MOT","8","kg","15941.8","false","8","kg","15941.8","false","15941.8","false","0","false","166643.404","0","166643.404","0","true","false",
"C","M","20170901","2017","9","201709","634","QAT","Qatar","M","Import","826","GBR","United Kingdom","0","W00","World","H4","HS","true","090121","Coffee; roasted, not decaffeinated","6","true","C00","TOTAL CPC","0","0","TOTAL MOT","8","kg","25006.8","false","8","kg","25006.8","false","25006.8","false","0","false","240002.778","0","240002.778","0","true","false",
"C","M","20170701","2017","7","201707","634","QAT","Qatar","M","Import","842","USA","USA","0","W00","World","H4","HS","true","090121","Coffee; roasted, not decaffeinated","6","true","C00","TOTAL CPC","0","0","TOTAL MOT","8","kg","3619.98","false","8","kg","3619.98","false","3619.98","false","0","false","20146.185","0","20146.185","0","true","false",
"C","M","20170601","2017","6","201706","634","QAT","Qatar","M","Import","842","USA","USA","0","W00","World","H4","HS","true","090121","Coffee; roasted, not decaffeinated","6","true","C00","TOTAL CPC","0","0","TOTAL MOT","8","kg","3147.2","false","8","kg","3147.2","false","3147.2","false","0","false","51423.644","0","51423.644","0","true","false",
"C","M","20170601","2017","6","201706","634","QAT","Qatar","M","Import","842","USA","USA","0","W00","World","H4","HS","true","090111","Coffee; not roasted or decaffeinated","6","true","C00","TOTAL CPC","0","0","TOTAL MOT","8","kg","1242.61","false","8","kg","1242.61","false","1242.61","false","0","false","18859.376","0","18859.376","0","true","false",
"C","M","20170501","2017","5","201705","634","QAT","Qatar","M","Import","842","USA","USA","0","W00","World","H4","HS","true","090121","Coffee; roasted, not decaffeinated","6","true","C00","TOTAL CPC","0","0","TOTAL MOT","8","kg","3081.88","false","8","kg","3081.88","false","3081.88","false","0","false","41310.642","0","41310.642","0","true","false",
"C","M","20170301","2017","3","201703","634","QAT","Qatar","M","Import","842","USA","USA","0","W00","World","H4","HS","true","090121","Coffee; roasted, not decaffeinated","6","true","C00","TOTAL CPC","0","0","TOTAL MOT","8","kg","896.25","false","8","kg","896.25","false","896.25","false","0","false","14670.082","0","14670.082","0","true","false",
"C","M","20170201","2017","2","201702","634","QAT","Qatar","M","Import","842","USA","USA","0","W00","World","H4","HS","true","090121","Coffee; roasted, not decaffeinated","6","true","C00","TOTAL CPC","0","0","TOTAL MOT","8","kg","1128","false","8","kg","1128","false","1128","false","0","false","24895.473","0","24895.473","0","true","false",
"C","M","20170101","2017","1","201701","634","QAT","Qatar","M","Import","842","USA","USA","0","W00","World","H4","HS","true","090121","Coffee; roasted, not decaffeinated","6","true","C00","TOTAL CPC","0","0","TOTAL MOT","8","kg","3897.31","false","8","kg","3897.31","false","3897.31","false","0","false","41454.749","0","41454.749","0","true","false",
"C","M","20171101","2017","11","201711","634","QAT","Qatar","M","Import","842","USA","USA","0","W00","World","H4","HS","true","090121","Coffee; roasted, not decaffeinated","6","true","C00","TOTAL CPC","0","0","TOTAL MOT","8","kg","2607.01","false","8","kg","2607.01","false","2607.01","false","0","false","26729.476","0","26729.476","0","true","false",
"C","M","20171001","2017","10","201710","634","QAT","Qatar","M","Import","842","USA","USA","0","W00","World","H4","HS","true","090121","Coffee; roasted, not decaffeinated","6","true","C00","TOTAL CPC","0","0","TOTAL MOT","8","kg","2982.14","false","8","kg","2982.14","false","2982.14","false","0","false","22986.044","0","22986.044","0","true","false",
"C","M","20170901","2017","9","201709","634","QAT","Qatar","M","Import","842","USA","USA","0","W00","World","H4","HS","true","090121","Coffee; roasted, not decaffeinated","6","true","C00","TOTAL CPC","0","0","TOTAL MOT","8","kg","4572.4","false","8","kg","4572.4","false","4572.4","false","0","false","32791.233","0","32791.233","0","true","false",
"C","M","20170801","2017","8","201708","634","QAT","Qatar","M","Import","887","YEM","Yemen","0","W00","World","H4","HS","true","090111","Coffee; not roasted or decaffeinated","6","true","C00","TOTAL CPC","0","0","TOTAL MOT","8","kg","10000","false","8","kg","10000","false","10000","false","0","false","19857.317","0","19857.317","0","true","false",
"C","M","20170101","2017","1","201701","634","QAT","Qatar","M","Import","887","YEM","Yemen","0","W00","World","H4","HS","true","090112","Coffee; decaffeinated, not roasted","6","true","C00","TOTAL CPC","0","0","TOTAL MOT","8","kg","34605","false","8","kg","34605","false","34605","false","0","false","56330.301","0","56330.301","0","true","false",
"C","M","20171201","2017","12","201712","634","QAT","Qatar","M","Import","887","YEM","Yemen","0","W00","World","H4","HS","true","090112","Coffee; decaffeinated, not roasted","6","true","C00","TOTAL CPC","0","0","TOTAL MOT","8","kg","13250","false","8","kg","13250","false","13250","false","0","false","22921.029","0","22921.029","0","true","false",
"C","M","20171101","2017","11","201711","634","QAT","Qatar","M","Import","887","YEM","Yemen","0","W00","World","H4","HS","true","090111","Coffee; not roasted or decaffeinated","6","true","C00","TOTAL CPC","0","0","TOTAL MOT","8","kg","5265","false","8","kg","5265","false","5265","false","0","false","16483.775","0","16483.775","0","true","false",
