Country,Coffee type,Period,Consumption
Angola,Robusta/Arabica,1990/91,1200000
Bolivia (Plurinational State of),Arabica,1990/91,1500000
Brazil,Arabica/Robusta,1990/91,492000000
Burundi,Arabica/Robusta,1990/91,120000
Ecuador,Arabica/Robusta,1990/91,21000000
Indonesia,Robusta/Arabica,1990/91,74520000
Madagascar,Robusta,1990/91,21000000
Malawi,Arabica,1990/91,120000
Papua New Guinea,Arabica/Robusta,1990/91,180000
Paraguay,Arabica,1990/91,900000
Peru,Arabica,1990/91,11400000
Rwanda,Arabica,1990/91,60000
Timor-Leste,Arabica,1990/91,0
Zimbabwe,Arabica,1990/91,480000
Congo,Robusta,1990/91,180000
Cuba,Arabica,1990/91,12780000
Dominican Republic,Arabica/Robusta,1990/91,19200000
Haiti,Arabica,1990/91,13200000
Philippines,Robusta/Arabica,1990/91,43200000
Tanzania,Arabica/Robusta,1990/91,240000
Zambia,Arabica,1990/91,90000
Cameroon,Robusta/Arabica,1990/91,4998000
Central African Republic,Robusta,1990/91,1680000
Colombia,Arabica,1990/91,74100000
Costa Rica,Arabica,1990/91,22500000
Côte d'Ivoire,Robusta,1990/91,3000000
Democratic Republic of Congo,Robusta/Arabica,1990/91,12000000
El Salvador,Arabica,1990/91,10800000
Equatorial Guinea,Robusta,1990/91,0
Ethiopia,Arabica,1990/91,72000000
Gabon,Robusta,1990/91,102000
Ghana,Robusta,1990/91,1020000
Guatemala,Arabica/Robusta,1990/91,18000000
Guinea,Robusta,1990/91,1500000
Guyana,Robusta,1990/91,0
Honduras,Arabica,1990/91,11289240
India,Robusta/Arabica,1990/91,54180000
Jamaica,Arabica,1990/91,420000
Kenya,Arabica,1990/91,3000000
Lao People's Democratic Republic,Robusta,1990/91,0
Liberia,Robusta,1990/91,180000
Mexico,Arabica/Robusta,1990/91,82440000
Nepal,Arabica,1990/91,0
Nicaragua,Arabica,1990/91,2040000
Nigeria,Robusta,1990/91,1650000
Panama,Arabica,1990/91,3780000
Sierra Leone,Robusta,1990/91,540000
Sri Lanka,Robusta/Arabica,1990/91,4000020
Thailand,Robusta/Arabica,1990/91,11280000
Togo,Robusta,1990/91,60000
Trinidad & Tobago,Robusta,1990/91,480000
Uganda,Robusta/Arabica,1990/91,4200000
Venezuela,Arabica,1990/91,46943400
Viet Nam,Robusta/Arabica,1990/91,9000000
Yemen,Arabica,1990/91,0
Angola,Robusta/Arabica,1991/92,1800000
Bolivia (Plurinational State of),Arabica,1991/92,1620000
Brazil,Arabica/Robusta,1991/92,510000000
Burundi,Arabica/Robusta,1991/92,96000
Ecuador,Arabica/Robusta,1991/92,21000000
Indonesia,Robusta/Arabica,1991/92,76800000
Madagascar,Robusta,1991/92,18000000
Malawi,Arabica,1991/92,120000
Papua New Guinea,Arabica/Robusta,1991/92,180000
Paraguay,Arabica,1991/92,900000
Peru,Arabica,1991/92,11400000
Rwanda,Arabica,1991/92,60000
Timor-Leste,Arabica,1991/92,0
Zimbabwe,Arabica,1991/92,480000
Congo,Robusta,1991/92,160020
Cuba,Arabica,1991/92,12780000
Dominican Republic,Arabica/Robusta,1991/92,19200000
Haiti,Arabica,1991/92,19800000
Philippines,Robusta/Arabica,1991/92,45000000
Tanzania,Arabica/Robusta,1991/92,210000
Zambia,Arabica,1991/92,90000
Cameroon,Robusta/Arabica,1991/92,4999980
Central African Republic,Robusta,1991/92,1680000
Colombia,Arabica,1991/92,76140000
Costa Rica,Arabica,1991/92,22500000
Côte d'Ivoire,Robusta,1991/92,3000000
Democratic Republic of Congo,Robusta/Arabica,1991/92,12000000
El Salvador,Arabica,1991/92,10800000
Equatorial Guinea,Robusta,1991/92,0
Ethiopia,Arabica,1991/92,75840000
Gabon,Robusta,1991/92,60000
Ghana,Robusta,1991/92,1020000
Guatemala,Arabica/Robusta,1991/92,18000000
Guinea,Robusta,1991/92,1500000
Guyana,Robusta,1991/92,0
Honduras,Arabica,1991/92,15426000
India,Robusta/Arabica,1991/92,55000020
Jamaica,Arabica,1991/92,660000
Kenya,Arabica,1991/92,3000000
Lao People's Democratic Republic,Robusta,1991/92,0
Liberia,Robusta,1991/92,180000
Mexico,Arabica/Robusta,1991/92,72000000
Nepal,Arabica,1991/92,0
Nicaragua,Arabica,1991/92,8280000
Nigeria,Robusta,1991/92,2145000
Panama,Arabica,1991/92,4020000
Sierra Leone,Robusta,1991/92,540000
Sri Lanka,Robusta/Arabica,1991/92,4020000
Thailand,Robusta/Arabica,1991/92,13200000
Togo,Robusta,1991/92,60000
Trinidad & Tobago,Robusta,1991/92,690000
Uganda,Robusta/Arabica,1991/92,4500000
Venezuela,Arabica,1991/92,48928800
Viet Nam,Robusta/Arabica,1991/92,13800000
Yemen,Arabica,1991/92,0
Angola,Robusta/Arabica,1992/93,2100000
Bolivia (Plurinational State of),Arabica,1992/93,1650000
Brazil,Arabica/Robusta,1992/93,534000000
Burundi,Arabica/Robusta,1992/93,102000
Ecuador,Arabica/Robusta,1992/93,21000000
Indonesia,Robusta/Arabica,1992/93,79140000
Madagascar,Robusta,1992/93,21000000
Malawi,Arabica,1992/93,120000
Papua New Guinea,Arabica/Robusta,1992/93,180000
Paraguay,Arabica,1992/93,900000
Peru,Arabica,1992/93,12000000
Rwanda,Arabica,1992/93,60000
Timor-Leste,Arabica,1992/93,0
Zimbabwe,Arabica,1992/93,480000
Congo,Robusta,1992/93,160020
Cuba,Arabica,1992/93,11700000
Dominican Republic,Arabica/Robusta,1992/93,19200000
Haiti,Arabica,1992/93,19800000
Philippines,Robusta/Arabica,1992/93,45000000
Tanzania,Arabica/Robusta,1992/93,1152000
Zambia,Arabica,1992/93,85920
Cameroon,Robusta/Arabica,1992/93,4999980
Central African Republic,Robusta,1992/93,1680000
Colombia,Arabica,1992/93,78180000
Costa Rica,Arabica,1992/93,22500000
Côte d'Ivoire,Robusta,1992/93,3000000
Democratic Republic of Congo,Robusta/Arabica,1992/93,12000000
El Salvador,Arabica,1992/93,13800000
Equatorial Guinea,Robusta,1992/93,0
Ethiopia,Arabica,1992/93,79860000
Gabon,Robusta,1992/93,48000
Ghana,Robusta,1992/93,1020000
Guatemala,Arabica/Robusta,1992/93,18000000
Guinea,Robusta,1992/93,3750000
Guyana,Robusta,1992/93,0
Honduras,Arabica,1992/93,14400000
India,Robusta/Arabica,1992/93,55020000
Jamaica,Arabica,1992/93,360000
Kenya,Arabica,1992/93,3000000
Lao People's Democratic Republic,Robusta,1992/93,0
Liberia,Robusta,1992/93,180000
Mexico,Arabica/Robusta,1992/93,78000000
Nepal,Arabica,1992/93,0
Nicaragua,Arabica,1992/93,3936000
Nigeria,Robusta,1992/93,2145000
Panama,Arabica,1992/93,4020000
Sierra Leone,Robusta,1992/93,540000
Sri Lanka,Robusta/Arabica,1992/93,1680000
Thailand,Robusta/Arabica,1992/93,13980000
Togo,Robusta,1992/93,60000
Trinidad & Tobago,Robusta,1992/93,600000
Uganda,Robusta/Arabica,1992/93,4500000
Venezuela,Arabica,1992/93,50998200
Viet Nam,Robusta/Arabica,1992/93,15000000
Yemen,Arabica,1992/93,0
Angola,Robusta/Arabica,1993/94,1200000
Bolivia (Plurinational State of),Arabica,1993/94,1710000
Brazil,Arabica/Robusta,1993/94,546000000
Burundi,Arabica/Robusta,1993/94,114600
Ecuador,Arabica/Robusta,1993/94,21000000
Indonesia,Robusta/Arabica,1993/94,81540000
Madagascar,Robusta,1993/94,21600000
Malawi,Arabica,1993/94,120000
Papua New Guinea,Arabica/Robusta,1993/94,120000
Paraguay,Arabica,1993/94,1200000
Peru,Arabica,1993/94,12000000
Rwanda,Arabica,1993/94,60000
Timor-Leste,Arabica,1993/94,0
Zimbabwe,Arabica,1993/94,499980
Congo,Robusta,1993/94,180000
Cuba,Arabica,1993/94,11646000
Dominican Republic,Arabica/Robusta,1993/94,19200000
Haiti,Arabica,1993/94,19800000
Philippines,Robusta/Arabica,1993/94,46200000
Tanzania,Arabica/Robusta,1993/94,1050000
Zambia,Arabica,1993/94,60000
Cameroon,Robusta/Arabica,1993/94,6000000
Central African Republic,Robusta,1993/94,1500000
Colombia,Arabica,1993/94,80340000
Costa Rica,Arabica,1993/94,22500000
Côte d'Ivoire,Robusta,1993/94,3000000
Democratic Republic of Congo,Robusta/Arabica,1993/94,12000000
El Salvador,Arabica,1993/94,13800000
Equatorial Guinea,Robusta,1993/94,0
Ethiopia,Arabica,1993/94,84120000
Gabon,Robusta,1993/94,48000
Ghana,Robusta,1993/94,1020000
Guatemala,Arabica/Robusta,1993/94,18600000
Guinea,Robusta,1993/94,1980000
Guyana,Robusta,1993/94,0
Honduras,Arabica,1993/94,13800000
India,Robusta/Arabica,1993/94,49999980
Jamaica,Arabica,1993/94,576000
Kenya,Arabica,1993/94,3000000
Lao People's Democratic Republic,Robusta,1993/94,0
Liberia,Robusta,1993/94,300000
Mexico,Arabica/Robusta,1993/94,64200000
Nepal,Arabica,1993/94,0
Nicaragua,Arabica,1993/94,6534000
Nigeria,Robusta,1993/94,2400000
Panama,Arabica,1993/94,4020000
Sierra Leone,Robusta,1993/94,300000
Sri Lanka,Robusta/Arabica,1993/94,1200000
Thailand,Robusta/Arabica,1993/94,15000000
Togo,Robusta,1993/94,60000
Trinidad & Tobago,Robusta,1993/94,600000
Uganda,Robusta/Arabica,1993/94,4500000
Venezuela,Arabica,1993/94,53155800
Viet Nam,Robusta/Arabica,1993/94,16020000
Yemen,Arabica,1993/94,0
Angola,Robusta/Arabica,1994/95,1500000
Bolivia (Plurinational State of),Arabica,1994/95,1770000
Brazil,Arabica/Robusta,1994/95,558000000
Burundi,Arabica/Robusta,1994/95,120000
Ecuador,Arabica/Robusta,1994/95,21000000
Indonesia,Robusta/Arabica,1994/95,84000000
Madagascar,Robusta,1994/95,9999960
Malawi,Arabica,1994/95,120000
Papua New Guinea,Arabica/Robusta,1994/95,120000
Paraguay,Arabica,1994/95,1200000
Peru,Arabica,1994/95,12000000
Rwanda,Arabica,1994/95,60000
Timor-Leste,Arabica,1994/95,0
Zimbabwe,Arabica,1994/95,499980
Congo,Robusta,1994/95,180000
Cuba,Arabica,1994/95,11640000
Dominican Republic,Arabica/Robusta,1994/95,19800000
Haiti,Arabica,1994/95,19800000
Philippines,Robusta/Arabica,1994/95,47400000
Tanzania,Arabica/Robusta,1994/95,1050000
Zambia,Arabica,1994/95,90000
Cameroon,Robusta/Arabica,1994/95,6000000
Central African Republic,Robusta,1994/95,900000
Colombia,Arabica,1994/95,82500000
Costa Rica,Arabica,1994/95,22500000
Côte d'Ivoire,Robusta,1994/95,3000000
Democratic Republic of Congo,Robusta/Arabica,1994/95,12000000
El Salvador,Arabica,1994/95,13800000
Equatorial Guinea,Robusta,1994/95,0
Ethiopia,Arabica,1994/95,88560000
Gabon,Robusta,1994/95,60000
Ghana,Robusta,1994/95,1680000
Guatemala,Arabica/Robusta,1994/95,18600000
Guinea,Robusta,1994/95,3000000
Guyana,Robusta,1994/95,0
Honduras,Arabica,1994/95,15180000
India,Robusta/Arabica,1994/95,50100000
Jamaica,Arabica,1994/95,900000
Kenya,Arabica,1994/95,3000000
Lao People's Democratic Republic,Robusta,1994/95,0
Liberia,Robusta,1994/95,300000
Mexico,Arabica/Robusta,1994/95,61200000
Nepal,Arabica,1994/95,0
Nicaragua,Arabica,1994/95,5376000
Nigeria,Robusta,1994/95,2400000
Panama,Arabica,1994/95,4600020
Sierra Leone,Robusta,1994/95,300000
Sri Lanka,Robusta/Arabica,1994/95,1200000
Thailand,Robusta/Arabica,1994/95,16980000
Togo,Robusta,1994/95,60000
Trinidad & Tobago,Robusta,1994/95,840000
Uganda,Robusta/Arabica,1994/95,4800000
Venezuela,Arabica,1994/95,55404000
Viet Nam,Robusta/Arabica,1994/95,16020000
Yemen,Arabica,1994/95,0
Angola,Robusta/Arabica,1995/96,600000
Bolivia (Plurinational State of),Arabica,1995/96,1830000
Brazil,Arabica/Robusta,1995/96,606000000
Burundi,Arabica/Robusta,1995/96,120000
Ecuador,Arabica/Robusta,1995/96,21000000
Indonesia,Robusta/Arabica,1995/96,86580000
Madagascar,Robusta,1995/96,10020000
Malawi,Arabica,1995/96,120000
Papua New Guinea,Arabica/Robusta,1995/96,120000
Paraguay,Arabica,1995/96,1200000
Peru,Arabica,1995/96,12000000
Rwanda,Arabica,1995/96,60000
Timor-Leste,Arabica,1995/96,0
Zimbabwe,Arabica,1995/96,396000
Congo,Robusta,1995/96,180000
Cuba,Arabica,1995/96,11640000
Dominican Republic,Arabica/Robusta,1995/96,21000000
Haiti,Arabica,1995/96,19800000
Philippines,Robusta/Arabica,1995/96,48600000
Tanzania,Arabica/Robusta,1995/96,816000
Zambia,Arabica,1995/96,36000
Cameroon,Robusta/Arabica,1995/96,6000000
Central African Republic,Robusta,1995/96,600000
Colombia,Arabica,1995/96,81540000
Costa Rica,Arabica,1995/96,22500000
Côte d'Ivoire,Robusta,1995/96,3000000
Democratic Republic of Congo,Robusta/Arabica,1995/96,12000000
El Salvador,Arabica,1995/96,16200000
Equatorial Guinea,Robusta,1995/96,0
Ethiopia,Arabica,1995/96,93300000
Gabon,Robusta,1995/96,48000
Ghana,Robusta,1995/96,1680000
Guatemala,Arabica/Robusta,1995/96,18600000
Guinea,Robusta,1995/96,3000000
Guyana,Robusta,1995/96,0
Honduras,Arabica,1995/96,9660000
India,Robusta/Arabica,1995/96,50220000
Jamaica,Arabica,1995/96,900000
Kenya,Arabica,1995/96,3000000
Lao People's Democratic Republic,Robusta,1995/96,0
Liberia,Robusta,1995/96,300000
Mexico,Arabica/Robusta,1995/96,70740000
Nepal,Arabica,1995/96,0
Nicaragua,Arabica,1995/96,6690000
Nigeria,Robusta,1995/96,2400000
Panama,Arabica,1995/96,4600020
Sierra Leone,Robusta,1995/96,480000
Sri Lanka,Robusta/Arabica,1995/96,1200000
Thailand,Robusta/Arabica,1995/96,25020000
Togo,Robusta,1995/96,60000
Trinidad & Tobago,Robusta,1995/96,840000
Uganda,Robusta/Arabica,1995/96,4800000
Venezuela,Arabica,1995/96,57747600
Viet Nam,Robusta/Arabica,1995/96,16910700
Yemen,Arabica,1995/96,0
Angola,Robusta/Arabica,1996/97,1200000
Bolivia (Plurinational State of),Arabica,1996/97,1890000
Brazil,Arabica/Robusta,1996/97,660000000
Burundi,Arabica/Robusta,1996/97,120000
Ecuador,Arabica/Robusta,1996/97,18000000
Indonesia,Robusta/Arabica,1996/97,89160000
Madagascar,Robusta,1996/97,10020000
Malawi,Arabica,1996/97,120000
Papua New Guinea,Arabica/Robusta,1996/97,120000
Paraguay,Arabica,1996/97,1200000
Peru,Arabica,1996/97,12000000
Rwanda,Arabica,1996/97,60000
Timor-Leste,Arabica,1996/97,0
Zimbabwe,Arabica,1996/97,240000
Congo,Robusta,1996/97,180000
Cuba,Arabica,1996/97,11340000
Dominican Republic,Arabica/Robusta,1996/97,19500000
Haiti,Arabica,1996/97,19800000
Philippines,Robusta/Arabica,1996/97,49860000
Tanzania,Arabica/Robusta,1996/97,996000
Zambia,Arabica,1996/97,60000
Cameroon,Robusta/Arabica,1996/97,6000000
Central African Republic,Robusta,1996/97,600000
Colombia,Arabica,1996/97,80580000
Costa Rica,Arabica,1996/97,22500000
Côte d'Ivoire,Robusta,1996/97,3000000
Democratic Republic of Congo,Robusta/Arabica,1996/97,12000000
El Salvador,Arabica,1996/97,13800000
Equatorial Guinea,Robusta,1996/97,0
Ethiopia,Arabica,1996/97,98220000
Gabon,Robusta,1996/97,49980
Ghana,Robusta,1996/97,180000
Guatemala,Arabica/Robusta,1996/97,18000000
Guinea,Robusta,1996/97,3000000
Guyana,Robusta,1996/97,0
Honduras,Arabica,1996/97,10075440
India,Robusta/Arabica,1996/97,50280000
Jamaica,Arabica,1996/97,1080000
Kenya,Arabica,1996/97,3000000
Lao People's Democratic Republic,Robusta,1996/97,0
Liberia,Robusta,1996/97,300000
Mexico,Arabica/Robusta,1996/97,74100000
Nepal,Arabica,1996/97,0
Nicaragua,Arabica,1996/97,5722200
Nigeria,Robusta,1996/97,2400000
Panama,Arabica,1996/97,4600020
Sierra Leone,Robusta,1996/97,480000
Sri Lanka,Robusta/Arabica,1996/97,1200000
Thailand,Robusta/Arabica,1996/97,19980000
Togo,Robusta,1996/97,60000
Trinidad & Tobago,Robusta,1996/97,840000
Uganda,Robusta/Arabica,1996/97,4800000
Venezuela,Arabica,1996/97,60190800
Viet Nam,Robusta/Arabica,1996/97,17850960
Yemen,Arabica,1996/97,0
Angola,Robusta/Arabica,1997/98,2400000
Bolivia (Plurinational State of),Arabica,1997/98,1950000
Brazil,Arabica/Robusta,1997/98,690000000
Burundi,Arabica/Robusta,1997/98,120000
Ecuador,Arabica/Robusta,1997/98,18000000
Indonesia,Robusta/Arabica,1997/98,91920000
Madagascar,Robusta,1997/98,10020000
Malawi,Arabica,1997/98,120000
Papua New Guinea,Arabica/Robusta,1997/98,120000
Paraguay,Arabica,1997/98,1200000
Peru,Arabica,1997/98,12000000
Rwanda,Arabica,1997/98,180000
Timor-Leste,Arabica,1997/98,0
Zimbabwe,Arabica,1997/98,240000
Congo,Robusta,1997/98,180000
Cuba,Arabica,1997/98,11700000
Dominican Republic,Arabica/Robusta,1997/98,19500000
Haiti,Arabica,1997/98,19800000
Philippines,Robusta/Arabica,1997/98,51180000
Tanzania,Arabica/Robusta,1997/98,1020000
Zambia,Arabica,1997/98,36000
Cameroon,Robusta/Arabica,1997/98,6000000
Central African Republic,Robusta,1997/98,600000
Colombia,Arabica,1997/98,79680000
Costa Rica,Arabica,1997/98,22500000
Côte d'Ivoire,Robusta,1997/98,3000000
Democratic Republic of Congo,Robusta/Arabica,1997/98,12000000
El Salvador,Arabica,1997/98,11500020
Equatorial Guinea,Robusta,1997/98,0
Ethiopia,Arabica,1997/98,103440000
Gabon,Robusta,1997/98,48000
Ghana,Robusta,1997/98,180000
Guatemala,Arabica/Robusta,1997/98,18000000
Guinea,Robusta,1997/98,3000000
Guyana,Robusta,1997/98,0
Honduras,Arabica,1997/98,9660000
India,Robusta/Arabica,1997/98,50340000
Jamaica,Arabica,1997/98,1200000
Kenya,Arabica,1997/98,3000000
Lao People's Democratic Republic,Robusta,1997/98,0
Liberia,Robusta,1997/98,300000
Mexico,Arabica/Robusta,1997/98,72060000
Nepal,Arabica,1997/98,0
Nicaragua,Arabica,1997/98,7380000
Nigeria,Robusta,1997/98,2400000
Panama,Arabica,1997/98,4836900
Sierra Leone,Robusta,1997/98,300000
Sri Lanka,Robusta/Arabica,1997/98,1200000
Thailand,Robusta/Arabica,1997/98,23400000
Togo,Robusta,1997/98,60000
Trinidad & Tobago,Robusta,1997/98,840000
Uganda,Robusta/Arabica,1997/98,6071400
Venezuela,Arabica,1997/98,62736599
Viet Nam,Robusta/Arabica,1997/98,18843480
Yemen,Arabica,1997/98,0
Angola,Robusta/Arabica,1998/99,1800000
Bolivia (Plurinational State of),Arabica,1998/99,1980000
Brazil,Arabica/Robusta,1998/99,732000000
Burundi,Arabica/Robusta,1998/99,120000
Ecuador,Arabica/Robusta,1998/99,18000000
Indonesia,Robusta/Arabica,1998/99,94680000
Madagascar,Robusta,1998/99,10020000
Malawi,Arabica,1998/99,120000
Papua New Guinea,Arabica/Robusta,1998/99,60000
Paraguay,Arabica,1998/99,1200000
Peru,Arabica,1998/99,12000000
Rwanda,Arabica,1998/99,180000
Timor-Leste,Arabica,1998/99,0
Zimbabwe,Arabica,1998/99,240000
Congo,Robusta,1998/99,180000
Cuba,Arabica,1998/99,12000000
Dominican Republic,Arabica/Robusta,1998/99,19500000
Haiti,Arabica,1998/99,19800000
Philippines,Robusta/Arabica,1998/99,48600000
Tanzania,Arabica/Robusta,1998/99,1020000
Zambia,Arabica,1998/99,36000
Cameroon,Robusta/Arabica,1998/99,6000000
Central African Republic,Robusta,1998/99,1140000
Colombia,Arabica,1998/99,78720000
Costa Rica,Arabica,1998/99,22500000
Côte d'Ivoire,Robusta,1998/99,3000000
Democratic Republic of Congo,Robusta/Arabica,1998/99,12000000
El Salvador,Arabica,1998/99,11500020
Equatorial Guinea,Robusta,1998/99,0
Ethiopia,Arabica,1998/99,108960000
Gabon,Robusta,1998/99,48000
Ghana,Robusta,1998/99,60000
Guatemala,Arabica/Robusta,1998/99,18000000
Guinea,Robusta,1998/99,3000000
Guyana,Robusta,1998/99,292020
Honduras,Arabica,1998/99,8280000
India,Robusta/Arabica,1998/99,54000000
Jamaica,Arabica,1998/99,888000
Kenya,Arabica,1998/99,3000000
Lao People's Democratic Republic,Robusta,1998/99,0
Liberia,Robusta,1998/99,300000
Mexico,Arabica/Robusta,1998/99,66480000
Nepal,Arabica,1998/99,0
Nicaragua,Arabica,1998/99,7590000
Nigeria,Robusta,1998/99,2400000
Panama,Arabica,1998/99,4020000
Sierra Leone,Robusta,1998/99,300000
Sri Lanka,Robusta/Arabica,1998/99,1800000
Thailand,Robusta/Arabica,1998/99,25980000
Togo,Robusta,1998/99,120000
Trinidad & Tobago,Robusta,1998/99,840000
Uganda,Robusta/Arabica,1998/99,6960000
Venezuela,Arabica,1998/99,65390400
Viet Nam,Robusta/Arabica,1998/99,19891140
Yemen,Arabica,1998/99,0
Angola,Robusta/Arabica,1999/00,1200000
Bolivia (Plurinational State of),Arabica,1999/00,2040000
Brazil,Arabica/Robusta,1999/00,762000000
Burundi,Arabica/Robusta,1999/00,120000
Ecuador,Arabica/Robusta,1999/00,13800000
Indonesia,Robusta/Arabica,1999/00,97560000
Madagascar,Robusta,1999/00,3360000
Malawi,Arabica,1999/00,60000
Papua New Guinea,Arabica/Robusta,1999/00,120000
Paraguay,Arabica,1999/00,1200000
Peru,Arabica,1999/00,12000000
Rwanda,Arabica,1999/00,120000
Timor-Leste,Arabica,1999/00,0
Zimbabwe,Arabica,1999/00,240000
Congo,Robusta,1999/00,180000
Cuba,Arabica,1999/00,12000000
Dominican Republic,Arabica/Robusta,1999/00,19500000
Haiti,Arabica,1999/00,20400000
Philippines,Robusta/Arabica,1999/00,51720000
Tanzania,Arabica/Robusta,1999/00,840000
Zambia,Arabica,1999/00,36000
Cameroon,Robusta/Arabica,1999/00,6000000
Central African Republic,Robusta,1999/00,1260000
Colombia,Arabica,1999/00,77820000
Costa Rica,Arabica,1999/00,22500000
Côte d'Ivoire,Robusta,1999/00,3000000
Democratic Republic of Congo,Robusta/Arabica,1999/00,12000000
El Salvador,Arabica,1999/00,9198000
Equatorial Guinea,Robusta,1999/00,0
Ethiopia,Arabica,1999/00,114720000
Gabon,Robusta,1999/00,42900
Ghana,Robusta,1999/00,60000
Guatemala,Arabica/Robusta,1999/00,18000000
Guinea,Robusta,1999/00,3000000
Guyana,Robusta,1999/00,261000
Honduras,Arabica,1999/00,10080000
India,Robusta/Arabica,1999/00,55500000
Jamaica,Arabica,1999/00,660000
Kenya,Arabica,1999/00,3000000
Lao People's Democratic Republic,Robusta,1999/00,0
Liberia,Robusta,1999/00,300000
Mexico,Arabica/Robusta,1999/00,69000000
Nepal,Arabica,1999/00,0
Nicaragua,Arabica,1999/00,7818000
Nigeria,Robusta,1999/00,2400000
Panama,Arabica,1999/00,4020000
Sierra Leone,Robusta,1999/00,300000
Sri Lanka,Robusta/Arabica,1999/00,1800000
Thailand,Robusta/Arabica,1999/00,25980000
Togo,Robusta,1999/00,120000
Trinidad & Tobago,Robusta,1999/00,840000
Uganda,Robusta/Arabica,1999/00,7140000
Venezuela,Arabica,1999/00,68156400
Viet Nam,Robusta/Arabica,1999/00,21000000
Yemen,Arabica,1999/00,0
Angola,Robusta/Arabica,2000/01,1200000
Bolivia (Plurinational State of),Arabica,2000/01,2100000
Brazil,Arabica/Robusta,2000/01,792000000
Burundi,Arabica/Robusta,2000/01,120000
Ecuador,Arabica/Robusta,2000/01,12000000
Indonesia,Robusta/Arabica,2000/01,100560000
Madagascar,Robusta,2000/01,5346000
Malawi,Arabica,2000/01,60000
Papua New Guinea,Arabica/Robusta,2000/01,120000
Paraguay,Arabica,2000/01,1200000
Peru,Arabica,2000/01,12000000
Rwanda,Arabica,2000/01,120000
Timor-Leste,Arabica,2000/01,0
Zimbabwe,Arabica,2000/01,240000
Congo,Robusta,2000/01,180000
Cuba,Arabica,2000/01,12780000
Dominican Republic,Arabica/Robusta,2000/01,19500000
Haiti,Arabica,2000/01,20400000
Philippines,Robusta/Arabica,2000/01,49200000
Tanzania,Arabica/Robusta,2000/01,900000
Zambia,Arabica,2000/01,36000
Cameroon,Robusta/Arabica,2000/01,4500000
Central African Republic,Robusta,2000/01,180000
Colombia,Arabica,2000/01,76920000
Costa Rica,Arabica,2000/01,22500000
Côte d'Ivoire,Robusta,2000/01,19000020
Democratic Republic of Congo,Robusta/Arabica,2000/01,12000000
El Salvador,Arabica,2000/01,8640000
Equatorial Guinea,Robusta,2000/01,0
Ethiopia,Arabica,2000/01,120840000
Gabon,Robusta,2000/01,18000
Ghana,Robusta,2000/01,60000
Guatemala,Arabica/Robusta,2000/01,18000000
Guinea,Robusta,2000/01,3000000
Guyana,Robusta,2000/01,112980
Honduras,Arabica,2000/01,13800000
India,Robusta/Arabica,2000/01,58500000
Jamaica,Arabica,2000/01,724020
Kenya,Arabica,2000/01,3000000
Lao People's Democratic Republic,Robusta,2000/01,0
Liberia,Robusta,2000/01,300000
Mexico,Arabica/Robusta,2000/01,78300000
Nepal,Arabica,2000/01,0
Nicaragua,Arabica,2000/01,10495800
Nigeria,Robusta,2000/01,2400000
Panama,Arabica,2000/01,4020000
Sierra Leone,Robusta,2000/01,300000
Sri Lanka,Robusta/Arabica,2000/01,1800000
Thailand,Robusta/Arabica,2000/01,30000000
Togo,Robusta,2000/01,120000
Trinidad & Tobago,Robusta,2000/01,840000
Uganda,Robusta/Arabica,2000/01,8520000
Venezuela,Arabica,2000/01,71039400
Viet Nam,Robusta/Arabica,2000/01,24097500
Yemen,Arabica,2000/01,0
Angola,Robusta/Arabica,2001/02,1200000
Bolivia (Plurinational State of),Arabica,2001/02,2190000
Brazil,Arabica/Robusta,2001/02,815400000
Burundi,Arabica/Robusta,2001/02,120000
Ecuador,Arabica/Robusta,2001/02,12000000
Indonesia,Robusta/Arabica,2001/02,120000000
Madagascar,Robusta,2001/02,7680000
Malawi,Arabica,2001/02,60000
Papua New Guinea,Arabica/Robusta,2001/02,120000
Paraguay,Arabica,2001/02,1200000
Peru,Arabica,2001/02,12000000
Rwanda,Arabica,2001/02,120000
Timor-Leste,Arabica,2001/02,0
Zimbabwe,Arabica,2001/02,240000
Congo,Robusta,2001/02,180000
Cuba,Arabica,2001/02,13200000
Dominican Republic,Arabica/Robusta,2001/02,20411880
Haiti,Arabica,2001/02,20400000
Philippines,Robusta/Arabica,2001/02,49260000
Tanzania,Arabica/Robusta,2001/02,900000
Zambia,Arabica,2001/02,36000
Cameroon,Robusta/Arabica,2001/02,4140000
Central African Republic,Robusta,2001/02,180000
Colombia,Arabica,2001/02,76020000
Costa Rica,Arabica,2001/02,22500000
Côte d'Ivoire,Robusta,2001/02,19000020
Democratic Republic of Congo,Robusta/Arabica,2001/02,12000000
El Salvador,Arabica,2001/02,9198000
Equatorial Guinea,Robusta,2001/02,0
Ethiopia,Arabica,2001/02,127260000
Gabon,Robusta,2001/02,18000
Ghana,Robusta,2001/02,60000
Guatemala,Arabica/Robusta,2001/02,18000000
Guinea,Robusta,2001/02,3000000
Guyana,Robusta,2001/02,250020
Honduras,Arabica,2001/02,12000000
India,Robusta/Arabica,2001/02,64020000
Jamaica,Arabica,2001/02,600000
Kenya,Arabica,2001/02,3000000
Lao People's Democratic Republic,Robusta,2001/02,0
Liberia,Robusta,2001/02,300000
Mexico,Arabica/Robusta,2001/02,90000000
Nepal,Arabica,2001/02,0
Nicaragua,Arabica,2001/02,10639380
Nigeria,Robusta,2001/02,2400000
Panama,Arabica,2001/02,4020000
Sierra Leone,Robusta,2001/02,300000
Sri Lanka,Robusta/Arabica,2001/02,1800000
Thailand,Robusta/Arabica,2001/02,30000000
Togo,Robusta,2001/02,120000
Trinidad & Tobago,Robusta,2001/02,840000
Uganda,Robusta/Arabica,2001/02,8460000
Venezuela,Arabica,2001/02,74044200
Viet Nam,Robusta/Arabica,2001/02,27651900
Yemen,Arabica,2001/02,0
Angola,Robusta/Arabica,2002/03,1200000
Bolivia (Plurinational State of),Arabica,2002/03,2250000
Brazil,Arabica/Robusta,2002/03,825000000
Burundi,Arabica/Robusta,2002/03,120000
Ecuador,Arabica/Robusta,2002/03,9000000
Indonesia,Robusta/Arabica,2002/03,106740000
Madagascar,Robusta,2002/03,13020000
Malawi,Arabica,2002/03,60000
Papua New Guinea,Arabica/Robusta,2002/03,120000
Paraguay,Arabica,2002/03,1200000
Peru,Arabica,2002/03,13200000
Rwanda,Arabica,2002/03,19980
Timor-Leste,Arabica,2002/03,0
Zimbabwe,Arabica,2002/03,240000
Congo,Robusta,2002/03,180000
Cuba,Arabica,2002/03,13440000
Dominican Republic,Arabica/Robusta,2002/03,20411880
Haiti,Arabica,2002/03,20400000
Philippines,Robusta/Arabica,2002/03,49740000
Tanzania,Arabica/Robusta,2002/03,900000
Zambia,Arabica,2002/03,36000
Cameroon,Robusta/Arabica,2002/03,4140000
Central African Republic,Robusta,2002/03,227220
Colombia,Arabica,2002/03,75120000
Costa Rica,Arabica,2002/03,22500000
Côte d'Ivoire,Robusta,2002/03,19000020
Democratic Republic of Congo,Robusta/Arabica,2002/03,12000000
El Salvador,Arabica,2002/03,9198000
Equatorial Guinea,Robusta,2002/03,0
Ethiopia,Arabica,2002/03,134040000
Gabon,Robusta,2002/03,18000
Ghana,Robusta,2002/03,60000
Guatemala,Arabica/Robusta,2002/03,18000000
Guinea,Robusta,2002/03,3000000
Guyana,Robusta,2002/03,261000
Honduras,Arabica,2002/03,12000000
India,Robusta/Arabica,2002/03,67980000
Jamaica,Arabica,2002/03,540000
Kenya,Arabica,2002/03,3000000
Lao People's Democratic Republic,Robusta,2002/03,9480000
Liberia,Robusta,2002/03,300000
Mexico,Arabica/Robusta,2002/03,90000000
Nepal,Arabica,2002/03,0
Nicaragua,Arabica,2002/03,10777440
Nigeria,Robusta,2002/03,2400000
Panama,Arabica,2002/03,4020000
Sierra Leone,Robusta,2002/03,300000
Sri Lanka,Robusta/Arabica,2002/03,1800000
Thailand,Robusta/Arabica,2002/03,30000000
Togo,Robusta,2002/03,120000
Trinidad & Tobago,Robusta,2002/03,840000
Uganda,Robusta/Arabica,2002/03,8400000
Venezuela,Arabica,2002/03,77176200
Viet Nam,Robusta/Arabica,2002/03,31130520
Yemen,Arabica,2002/03,0
Angola,Robusta/Arabica,2003/04,900000
Bolivia (Plurinational State of),Arabica,2003/04,2310000
Brazil,Arabica/Robusta,2003/04,852000000
Burundi,Arabica/Robusta,2003/04,120000
Ecuador,Arabica/Robusta,2003/04,9000000
Indonesia,Robusta/Arabica,2003/04,109980000
Madagascar,Robusta,2003/04,19980000
Malawi,Arabica,2003/04,60000
Papua New Guinea,Arabica/Robusta,2003/04,120000
Paraguay,Arabica,2003/04,1200000
Peru,Arabica,2003/04,13200000
Rwanda,Arabica,2003/04,19980
Timor-Leste,Arabica,2003/04,0
Zimbabwe,Arabica,2003/04,240000
Congo,Robusta,2003/04,180000
Cuba,Arabica,2003/04,13440000
Dominican Republic,Arabica/Robusta,2003/04,20400000
Haiti,Arabica,2003/04,20400000
Philippines,Robusta/Arabica,2003/04,55020000
Tanzania,Arabica/Robusta,2003/04,1620000
Zambia,Arabica,2003/04,36000
Cameroon,Robusta/Arabica,2003/04,4140000
Central African Republic,Robusta,2003/04,227220
Colombia,Arabica,2003/04,74220000
Costa Rica,Arabica,2003/04,22500000
Côte d'Ivoire,Robusta,2003/04,19000020
Democratic Republic of Congo,Robusta/Arabica,2003/04,12000000
El Salvador,Arabica,2003/04,9198000
Equatorial Guinea,Robusta,2003/04,0
Ethiopia,Arabica,2003/04,141180000
Gabon,Robusta,2003/04,18000
Ghana,Robusta,2003/04,60000
Guatemala,Arabica/Robusta,2003/04,18000000
Guinea,Robusta,2003/04,3000000
Guyana,Robusta,2003/04,285000
Honduras,Arabica,2003/04,12000000
India,Robusta/Arabica,2003/04,70020000
Jamaica,Arabica,2003/04,540000
Kenya,Arabica,2003/04,3000000
Lao People's Democratic Republic,Robusta,2003/04,6180000
Liberia,Robusta,2003/04,300000
Mexico,Arabica/Robusta,2003/04,90000000
Nepal,Arabica,2003/04,0
Nicaragua,Arabica,2003/04,10914900
Nigeria,Robusta,2003/04,2400000
Panama,Arabica,2003/04,4020000
Sierra Leone,Robusta,2003/04,300000
Sri Lanka,Robusta/Arabica,2003/04,1800000
Thailand,Robusta/Arabica,2003/04,30000000
Togo,Robusta,2003/04,120000
Trinidad & Tobago,Robusta,2003/04,840000
Uganda,Robusta/Arabica,2003/04,7860000
Venezuela,Arabica,2003/04,80440800
Viet Nam,Robusta/Arabica,2003/04,36410760
Yemen,Arabica,2003/04,8760000
Angola,Robusta/Arabica,2004/05,900000
Bolivia (Plurinational State of),Arabica,2004/05,2700000
Brazil,Arabica/Robusta,2004/05,896760000
Burundi,Arabica/Robusta,2004/05,120000
Ecuador,Arabica/Robusta,2004/05,9000000
Indonesia,Robusta/Arabica,2004/05,120000000
Madagascar,Robusta,2004/05,28020000
Malawi,Arabica,2004/05,60000
Papua New Guinea,Arabica/Robusta,2004/05,120000
Paraguay,Arabica,2004/05,1200000
Peru,Arabica,2004/05,13200000
Rwanda,Arabica,2004/05,60000
Timor-Leste,Arabica,2004/05,0
Zimbabwe,Arabica,2004/05,240000
Congo,Robusta,2004/05,180000
Cuba,Arabica,2004/05,13440000
Dominican Republic,Arabica/Robusta,2004/05,22679880
Haiti,Arabica,2004/05,20400000
Philippines,Robusta/Arabica,2004/05,61200000
Tanzania,Arabica/Robusta,2004/05,2220000
Zambia,Arabica,2004/05,36000
Cameroon,Robusta/Arabica,2004/05,4140000
Central African Republic,Robusta,2004/05,180000
Colombia,Arabica,2004/05,73380000
Costa Rica,Arabica,2004/05,22500000
Côte d'Ivoire,Robusta,2004/05,19000020
Democratic Republic of Congo,Robusta/Arabica,2004/05,12000000
El Salvador,Arabica,2004/05,10350000
Equatorial Guinea,Robusta,2004/05,0
Ethiopia,Arabica,2004/05,148680000
Gabon,Robusta,2004/05,18000
Ghana,Robusta,2004/05,95400
Guatemala,Arabica/Robusta,2004/05,18000000
Guinea,Robusta,2004/05,3000000
Guyana,Robusta,2004/05,330000
Honduras,Arabica,2004/05,13800000
India,Robusta/Arabica,2004/05,72120000
Jamaica,Arabica,2004/05,540000
Kenya,Arabica,2004/05,3000000
Lao People's Democratic Republic,Robusta,2004/05,8100000
Liberia,Robusta,2004/05,300000
Mexico,Arabica/Robusta,2004/05,90000000
Nepal,Arabica,2004/05,0
Nicaragua,Arabica,2004/05,11056680
Nigeria,Robusta,2004/05,2400000
Panama,Arabica,2004/05,4020000
Sierra Leone,Robusta,2004/05,300000
Sri Lanka,Robusta/Arabica,2004/05,1800000
Thailand,Robusta/Arabica,2004/05,30000000
Togo,Robusta,2004/05,120000
Trinidad & Tobago,Robusta,2004/05,840000
Uganda,Robusta/Arabica,2004/05,8400000
Venezuela,Arabica,2004/05,83843400
Viet Nam,Robusta/Arabica,2004/05,41781360
Yemen,Arabica,2004/05,8160000
Angola,Robusta/Arabica,2005/06,900000
Bolivia (Plurinational State of),Arabica,2005/06,2460000
Brazil,Arabica/Robusta,2005/06,932280000
Burundi,Arabica/Robusta,2005/06,114360
Ecuador,Arabica/Robusta,2005/06,9000000
Indonesia,Robusta/Arabica,2005/06,150000000
Madagascar,Robusta,2005/06,28020000
Malawi,Arabica,2005/06,60000
Papua New Guinea,Arabica/Robusta,2005/06,120000
Paraguay,Arabica,2005/06,1200000
Peru,Arabica,2005/06,13200000
Rwanda,Arabica,2005/06,60000
Timor-Leste,Arabica,2005/06,0
Zimbabwe,Arabica,2005/06,240000
Congo,Robusta,2005/06,180000
Cuba,Arabica,2005/06,13440000
Dominican Republic,Arabica/Robusta,2005/06,22679880
Haiti,Arabica,2005/06,20400000
Philippines,Robusta/Arabica,2005/06,62400000
Tanzania,Arabica/Robusta,2005/06,2820000
Zambia,Arabica,2005/06,36000
Cameroon,Robusta/Arabica,2005/06,4140000
Central African Republic,Robusta,2005/06,180000
Colombia,Arabica,2005/06,72540000
Costa Rica,Arabica,2005/06,22500000
Côte d'Ivoire,Robusta,2005/06,19000020
Democratic Republic of Congo,Robusta/Arabica,2005/06,12000000
El Salvador,Arabica,2005/06,13446000
Equatorial Guinea,Robusta,2005/06,0
Ethiopia,Arabica,2005/06,156540000
Gabon,Robusta,2005/06,18000
Ghana,Robusta,2005/06,95400
Guatemala,Arabica/Robusta,2005/06,18000000
Guinea,Robusta,2005/06,3000000
Guyana,Robusta,2005/06,336000
Honduras,Arabica,2005/06,13800000
India,Robusta/Arabica,2005/06,74280000
Jamaica,Arabica,2005/06,540000
Kenya,Arabica,2005/06,3000000
Lao People's Democratic Republic,Robusta,2005/06,8400000
Liberia,Robusta,2005/06,300000
Mexico,Arabica/Robusta,2005/06,103500000
Nepal,Arabica,2005/06,0
Nicaragua,Arabica,2005/06,11203140
Nigeria,Robusta,2005/06,2400000
Panama,Arabica,2005/06,4020000
Sierra Leone,Robusta,2005/06,300000
Sri Lanka,Robusta/Arabica,2005/06,1800000
Thailand,Robusta/Arabica,2005/06,30000000
Togo,Robusta,2005/06,120000
Trinidad & Tobago,Robusta,2005/06,840000
Uganda,Robusta/Arabica,2005/06,9000000
Venezuela,Arabica,2005/06,87390000
Viet Nam,Robusta/Arabica,2005/06,48000000
Yemen,Arabica,2005/06,8280000
Angola,Robusta/Arabica,2006/07,1800000
Bolivia (Plurinational State of),Arabica,2006/07,2520000
Brazil,Arabica/Robusta,2006/07,979860000
Burundi,Arabica/Robusta,2006/07,93600
Ecuador,Arabica/Robusta,2006/07,9000000
Indonesia,Robusta/Arabica,2006/07,169980000
Madagascar,Robusta,2006/07,28020000
Malawi,Arabica,2006/07,60000
Papua New Guinea,Arabica/Robusta,2006/07,120000
Paraguay,Arabica,2006/07,1200000
Peru,Arabica,2006/07,13200000
Rwanda,Arabica,2006/07,60000
Timor-Leste,Arabica,2006/07,0
Zimbabwe,Arabica,2006/07,240000
Congo,Robusta,2006/07,180000
Cuba,Arabica,2006/07,13440000
Dominican Republic,Arabica/Robusta,2006/07,22679880
Haiti,Arabica,2006/07,20400000
Philippines,Robusta/Arabica,2006/07,63600000
Tanzania,Arabica/Robusta,2006/07,2820000
Zambia,Arabica,2006/07,36000
Cameroon,Robusta/Arabica,2006/07,4140000
Central African Republic,Robusta,2006/07,180000
Colombia,Arabica,2006/07,71677980
Costa Rica,Arabica,2006/07,22500000
Côte d'Ivoire,Robusta,2006/07,19000020
Democratic Republic of Congo,Robusta/Arabica,2006/07,12000000
El Salvador,Arabica,2006/07,15228000
Equatorial Guinea,Robusta,2006/07,0
Ethiopia,Arabica,2006/07,164880000
Gabon,Robusta,2006/07,18000
Ghana,Robusta,2006/07,60000
Guatemala,Arabica/Robusta,2006/07,18000000
Guinea,Robusta,2006/07,3000000
Guyana,Robusta,2006/07,343020
Honduras,Arabica,2006/07,13800000
India,Robusta/Arabica,2006/07,76500000
Jamaica,Arabica,2006/07,540000
Kenya,Arabica,2006/07,3000000
Lao People's Democratic Republic,Robusta,2006/07,8400000
Liberia,Robusta,2006/07,300000
Mexico,Arabica/Robusta,2006/07,120000000
Nepal,Arabica,2006/07,0
Nicaragua,Arabica,2006/07,11351100
Nigeria,Robusta,2006/07,2400000
Panama,Arabica,2006/07,4020000
Sierra Leone,Robusta,2006/07,300000
Sri Lanka,Robusta/Arabica,2006/07,1800000
Thailand,Robusta/Arabica,2006/07,30000000
Togo,Robusta,2006/07,120000
Trinidad & Tobago,Robusta,2006/07,660000
Uganda,Robusta/Arabica,2006/07,10500000
Venezuela,Arabica,2006/07,91086600
Viet Nam,Robusta/Arabica,2006/07,55020000
Yemen,Arabica,2006/07,8280000
Angola,Robusta/Arabica,2007/08,1800000
Bolivia (Plurinational State of),Arabica,2007/08,2610000
Brazil,Arabica/Robusta,2007/08,1026600000
Burundi,Arabica/Robusta,2007/08,81420
Ecuador,Arabica/Robusta,2007/08,9000000
Indonesia,Robusta/Arabica,2007/08,199980000
Madagascar,Robusta,2007/08,28020000
Malawi,Arabica,2007/08,60000
Papua New Guinea,Arabica/Robusta,2007/08,120000
Paraguay,Arabica,2007/08,1200000
Peru,Arabica,2007/08,13200000
Rwanda,Arabica,2007/08,60000
Timor-Leste,Arabica,2007/08,0
Zimbabwe,Arabica,2007/08,240000
Congo,Robusta,2007/08,180000
Cuba,Arabica,2007/08,13440000
Dominican Republic,Arabica/Robusta,2007/08,22680000
Haiti,Arabica,2007/08,20400000
Philippines,Robusta/Arabica,2007/08,63600000
Tanzania,Arabica/Robusta,2007/08,2820000
Zambia,Arabica,2007/08,60000
Cameroon,Robusta/Arabica,2007/08,4140000
Central African Republic,Robusta,2007/08,199980
Colombia,Arabica,2007/08,76855380
Costa Rica,Arabica,2007/08,22500000
Côte d'Ivoire,Robusta,2007/08,19020000
Democratic Republic of Congo,Robusta/Arabica,2007/08,12000000
El Salvador,Arabica,2007/08,15030000
Equatorial Guinea,Robusta,2007/08,0
Ethiopia,Arabica,2007/08,173640000
Gabon,Robusta,2007/08,18000
Ghana,Robusta,2007/08,120000
Guatemala,Arabica/Robusta,2007/08,18000000
Guinea,Robusta,2007/08,3000000
Guyana,Robusta,2007/08,420000
Honduras,Arabica,2007/08,14700000
India,Robusta/Arabica,2007/08,81000000
Jamaica,Arabica,2007/08,540000
Kenya,Arabica,2007/08,3000000
Lao People's Democratic Republic,Robusta,2007/08,8400000
Liberia,Robusta,2007/08,300000
Mexico,Arabica/Robusta,2007/08,132000000
Nepal,Arabica,2007/08,0
Nicaragua,Arabica,2007/08,11498700
Nigeria,Robusta,2007/08,2400000
Panama,Arabica,2007/08,4020000
Sierra Leone,Robusta,2007/08,300000
Sri Lanka,Robusta/Arabica,2007/08,1800000
Thailand,Robusta/Arabica,2007/08,33000000
Togo,Robusta,2007/08,120000
Trinidad & Tobago,Robusta,2007/08,660000
Uganda,Robusta/Arabica,2007/08,10815000
Venezuela,Arabica,2007/08,94939800
Viet Nam,Robusta/Arabica,2007/08,56280000
Yemen,Arabica,2007/08,7800000
Angola,Robusta/Arabica,2008/09,1800000
Bolivia (Plurinational State of),Arabica,2008/09,2700000
Brazil,Arabica/Robusta,2008/09,1059600000
Burundi,Arabica/Robusta,2008/09,86100
Ecuador,Arabica/Robusta,2008/09,9000000
Indonesia,Robusta/Arabica,2008/09,199980000
Madagascar,Robusta,2008/09,28020000
Malawi,Arabica,2008/09,60000
Papua New Guinea,Arabica/Robusta,2008/09,120000
Paraguay,Arabica,2008/09,1200000
Peru,Arabica,2008/09,15000000
Rwanda,Arabica,2008/09,60000
Timor-Leste,Arabica,2008/09,0
Zimbabwe,Arabica,2008/09,240000
Congo,Robusta,2008/09,180000
Cuba,Arabica,2008/09,13200000
Dominican Republic,Arabica/Robusta,2008/09,22680000
Haiti,Arabica,2008/09,20400000
Philippines,Robusta/Arabica,2008/09,103200000
Tanzania,Arabica/Robusta,2008/09,2820000
Zambia,Arabica,2008/09,60000
Cameroon,Robusta/Arabica,2008/09,4140000
Central African Republic,Robusta,2008/09,300000
Colombia,Arabica,2008/09,77430000
Costa Rica,Arabica,2008/09,16071540
Côte d'Ivoire,Robusta,2008/09,19020000
Democratic Republic of Congo,Robusta/Arabica,2008/09,12000000
El Salvador,Arabica,2008/09,14658000
Equatorial Guinea,Robusta,2008/09,0
Ethiopia,Arabica,2008/09,182880000
Gabon,Robusta,2008/09,16500
Ghana,Robusta,2008/09,120000
Guatemala,Arabica/Robusta,2008/09,20100000
Guinea,Robusta,2008/09,3000000
Guyana,Robusta,2008/09,508020
Honduras,Arabica,2008/09,16099980
India,Robusta/Arabica,2008/09,76500000
Jamaica,Arabica,2008/09,540000
Kenya,Arabica,2008/09,3000000
Lao People's Democratic Republic,Robusta,2008/09,9000000
Liberia,Robusta,2008/09,300000
Mexico,Arabica/Robusta,2008/09,132000000
Nepal,Arabica,2008/09,0
Nicaragua,Arabica,2008/09,11648820
Nigeria,Robusta,2008/09,2400000
Panama,Arabica,2008/09,4020000
Sierra Leone,Robusta,2008/09,300000
Sri Lanka,Robusta/Arabica,2008/09,1800000
Thailand,Robusta/Arabica,2008/09,36000000
Togo,Robusta,2008/09,120000
Trinidad & Tobago,Robusta,2008/09,660000
Uganda,Robusta/Arabica,2008/09,11100000
Venezuela,Arabica,2008/09,98955600
Viet Nam,Robusta/Arabica,2008/09,61260000
Yemen,Arabica,2008/09,7800000
Angola,Robusta/Arabica,2009/10,1800000
Bolivia (Plurinational State of),Arabica,2009/10,2760000
Brazil,Arabica/Robusta,2009/10,1103400000
Burundi,Arabica/Robusta,2009/10,83940
Ecuador,Arabica/Robusta,2009/10,9000000
Indonesia,Robusta/Arabica,2009/10,199980000
Madagascar,Robusta,2009/10,28020000
Malawi,Arabica,2009/10,60000
Papua New Guinea,Arabica/Robusta,2009/10,120000
Paraguay,Arabica,2009/10,1200000
Peru,Arabica,2009/10,15000000
Rwanda,Arabica,2009/10,60000
Timor-Leste,Arabica,2009/10,0
Zimbabwe,Arabica,2009/10,240000
Congo,Robusta,2009/10,180000
Cuba,Arabica,2009/10,13200000
Dominican Republic,Arabica/Robusta,2009/10,22680000
Haiti,Arabica,2009/10,20400000
Philippines,Robusta/Arabica,2009/10,109200000
Tanzania,Arabica/Robusta,2009/10,2820000
Zambia,Arabica,2009/10,0
Cameroon,Robusta/Arabica,2009/10,4140000
Central African Republic,Robusta,2009/10,499980
Colombia,Arabica,2009/10,76468740
Costa Rica,Arabica,2009/10,17726460
Côte d'Ivoire,Robusta,2009/10,19020000
Democratic Republic of Congo,Robusta/Arabica,2009/10,12000000
El Salvador,Arabica,2009/10,16098000
Equatorial Guinea,Robusta,2009/10,0
Ethiopia,Arabica,2009/10,186540000
Gabon,Robusta,2009/10,15000
Ghana,Robusta,2009/10,120000
Guatemala,Arabica/Robusta,2009/10,19200000
Guinea,Robusta,2009/10,3000000
Guyana,Robusta,2009/10,493980
Honduras,Arabica,2009/10,18400020
India,Robusta/Arabica,2009/10,79500000
Jamaica,Arabica,2009/10,540000
Kenya,Arabica,2009/10,3000000
Lao People's Democratic Republic,Robusta,2009/10,9000000
Liberia,Robusta,2009/10,300000
Mexico,Arabica/Robusta,2009/10,132000000
Nepal,Arabica,2009/10,0
Nicaragua,Arabica,2009/10,11797320
Nigeria,Robusta,2009/10,2400000
Panama,Arabica,2009/10,4020000
Sierra Leone,Robusta,2009/10,300000
Sri Lanka,Robusta/Arabica,2009/10,1800000
Thailand,Robusta/Arabica,2009/10,42000000
Togo,Robusta,2009/10,120000
Trinidad & Tobago,Robusta,2009/10,660000
Uganda,Robusta/Arabica,2009/10,11322000
Venezuela,Arabica,2009/10,99000000
Viet Nam,Robusta/Arabica,2009/10,72480000
Yemen,Arabica,2009/10,7800000
Angola,Robusta/Arabica,2010/11,1800000
Bolivia (Plurinational State of),Arabica,2010/11,2850000
Brazil,Arabica/Robusta,2010/11,1147920000
Burundi,Arabica/Robusta,2010/11,120000
Ecuador,Arabica/Robusta,2010/11,9000000
Indonesia,Robusta/Arabica,2010/11,199980000
Madagascar,Robusta,2010/11,28020000
Malawi,Arabica,2010/11,60000
Papua New Guinea,Arabica/Robusta,2010/11,85800
Paraguay,Arabica,2010/11,1200000
Peru,Arabica,2010/11,15000000
Rwanda,Arabica,2010/11,60000
Timor-Leste,Arabica,2010/11,29400
Zimbabwe,Arabica,2010/11,240000
Congo,Robusta,2010/11,180000
Cuba,Arabica,2010/11,13200000
Dominican Republic,Arabica/Robusta,2010/11,22680000
Haiti,Arabica,2010/11,20400000
Philippines,Robusta/Arabica,2010/11,127500000
Tanzania,Arabica/Robusta,2010/11,2820000
Zambia,Arabica,2010/11,0
Cameroon,Robusta/Arabica,2010/11,4099980
Central African Republic,Robusta,2010/11,600000
Colombia,Arabica,2010/11,78661440
Costa Rica,Arabica,2010/11,24433260
Côte d'Ivoire,Robusta,2010/11,19020000
Democratic Republic of Congo,Robusta/Arabica,2010/11,12000000
El Salvador,Arabica,2010/11,16560000
Equatorial Guinea,Robusta,2010/11,0
Ethiopia,Arabica,2010/11,190260000
Gabon,Robusta,2010/11,56820
Ghana,Robusta,2010/11,120000
Guatemala,Arabica/Robusta,2010/11,20400000
Guinea,Robusta,2010/11,3000000
Guyana,Robusta,2010/11,510000
Honduras,Arabica,2010/11,20100000
India,Robusta/Arabica,2010/11,79500000
Jamaica,Arabica,2010/11,540000
Kenya,Arabica,2010/11,3000000
Lao People's Democratic Republic,Robusta,2010/11,9000000
Liberia,Robusta,2010/11,300000
Mexico,Arabica/Robusta,2010/11,141240000
Nepal,Arabica,2010/11,0
Nicaragua,Arabica,2010/11,12164700
Nigeria,Robusta,2010/11,2400000
Panama,Arabica,2010/11,4020000
Sierra Leone,Robusta,2010/11,300000
Sri Lanka,Robusta/Arabica,2010/11,2100000
Thailand,Robusta/Arabica,2010/11,46500000
Togo,Robusta,2010/11,120000
Trinidad & Tobago,Robusta,2010/11,600000
Uganda,Robusta/Arabica,2010/11,12240000
Venezuela,Arabica,2010/11,99000000
Viet Nam,Robusta/Arabica,2010/11,94980000
Yemen,Arabica,2010/11,7800000
Angola,Robusta/Arabica,2011/12,1800000
Bolivia (Plurinational State of),Arabica,2011/12,2940000
Brazil,Arabica/Robusta,2011/12,1183200000
Burundi,Arabica/Robusta,2011/12,120000
Ecuador,Arabica/Robusta,2011/12,9000000
Indonesia,Robusta/Arabica,2011/12,220020000
Madagascar,Robusta,2011/12,27000000
Malawi,Arabica,2011/12,60000
Papua New Guinea,Arabica/Robusta,2011/12,74160
Paraguay,Arabica,2011/12,1200000
Peru,Arabica,2011/12,15000000
Rwanda,Arabica,2011/12,60000
Timor-Leste,Arabica,2011/12,29400
Zimbabwe,Arabica,2011/12,240000
Congo,Robusta,2011/12,180000
Cuba,Arabica,2011/12,13200000
Dominican Republic,Arabica/Robusta,2011/12,22680000
Haiti,Arabica,2011/12,20400000
Philippines,Robusta/Arabica,2011/12,130500000
Tanzania,Arabica/Robusta,2011/12,3537000
Zambia,Arabica,2011/12,0
Cameroon,Robusta/Arabica,2011/12,4201020
Central African Republic,Robusta,2011/12,799980
Colombia,Arabica,2011/12,86103900
Costa Rica,Arabica,2011/12,22853280
Côte d'Ivoire,Robusta,2011/12,19020000
Democratic Republic of Congo,Robusta/Arabica,2011/12,12000000
El Salvador,Arabica,2011/12,16404000
Equatorial Guinea,Robusta,2011/12,0
Ethiopia,Arabica,2011/12,194100000
Gabon,Robusta,2011/12,61920
Ghana,Robusta,2011/12,120000
Guatemala,Arabica/Robusta,2011/12,21000000
Guinea,Robusta,2011/12,3000000
Guyana,Robusta,2011/12,516000
Honduras,Arabica,2011/12,20400000
India,Robusta/Arabica,2011/12,79500000
Jamaica,Arabica,2011/12,540000
Kenya,Arabica,2011/12,3000000
Lao People's Democratic Republic,Robusta,2011/12,9000000
Liberia,Robusta,2011/12,300000
Mexico,Arabica/Robusta,2011/12,141240000
Nepal,Arabica,2011/12,0
Nicaragua,Arabica,2011/12,12315660
Nigeria,Robusta,2011/12,2400000
Panama,Arabica,2011/12,4020000
Sierra Leone,Robusta,2011/12,300000
Sri Lanka,Robusta/Arabica,2011/12,2100000
Thailand,Robusta/Arabica,2011/12,66000000
Togo,Robusta,2011/12,12600
Trinidad & Tobago,Robusta,2011/12,600000
Uganda,Robusta/Arabica,2011/12,12600000
Venezuela,Arabica,2011/12,99000000
Viet Nam,Robusta/Arabica,2011/12,99000000
Yemen,Arabica,2011/12,7800000
Angola,Robusta/Arabica,2012/13,1800000
Bolivia (Plurinational State of),Arabica,2012/13,3030000
Brazil,Arabica/Robusta,2012/13,1219800000
Burundi,Arabica/Robusta,2012/13,120000
Ecuador,Arabica/Robusta,2012/13,9000000
Indonesia,Robusta/Arabica,2012/13,234000000
Madagascar,Robusta,2012/13,25800000
Malawi,Arabica,2012/13,60000
Papua New Guinea,Arabica/Robusta,2012/13,102660
Paraguay,Arabica,2012/13,1200000
Peru,Arabica,2012/13,15000000
Rwanda,Arabica,2012/13,60000
Timor-Leste,Arabica,2012/13,29400
Zimbabwe,Arabica,2012/13,240000
Congo,Robusta,2012/13,180000
Cuba,Arabica,2012/13,13200000
Dominican Republic,Arabica/Robusta,2012/13,22680000
Haiti,Arabica,2012/13,20400000
Philippines,Robusta/Arabica,2012/13,139500000
Tanzania,Arabica/Robusta,2012/13,4302000
Zambia,Arabica,2012/13,0
Cameroon,Robusta/Arabica,2012/13,4303980
Central African Republic,Robusta,2012/13,1000020
Colombia,Arabica,2012/13,90854520
Costa Rica,Arabica,2012/13,25385820
Côte d'Ivoire,Robusta,2012/13,19020000
Democratic Republic of Congo,Robusta/Arabica,2012/13,12000000
El Salvador,Arabica,2012/13,16596000
Equatorial Guinea,Robusta,2012/13,0
Ethiopia,Arabica,2012/13,197940000
Gabon,Robusta,2012/13,58020
Ghana,Robusta,2012/13,120000
Guatemala,Arabica/Robusta,2012/13,21600000
Guinea,Robusta,2012/13,3000000
Guyana,Robusta,2012/13,522000
Honduras,Arabica,2012/13,20700000
India,Robusta/Arabica,2012/13,82500000
Jamaica,Arabica,2012/13,540000
Kenya,Arabica,2012/13,3000000
Lao People's Democratic Republic,Robusta,2012/13,9000000
Liberia,Robusta,2012/13,300000
Mexico,Arabica/Robusta,2012/13,141240000
Nepal,Arabica,2012/13,0
Nicaragua,Arabica,2012/13,12471840
Nigeria,Robusta,2012/13,2400000
Panama,Arabica,2012/13,4020000
Sierra Leone,Robusta,2012/13,300000
Sri Lanka,Robusta/Arabica,2012/13,2100000
Thailand,Robusta/Arabica,2012/13,67800000
Togo,Robusta,2012/13,14520
Trinidad & Tobago,Robusta,2012/13,600000
Uganda,Robusta/Arabica,2012/13,12960000
Venezuela,Arabica,2012/13,99000000
Viet Nam,Robusta/Arabica,2012/13,109500000
Yemen,Arabica,2012/13,7800000
Angola,Robusta/Arabica,2013/14,1800000
Bolivia (Plurinational State of),Arabica,2013/14,3120000
Brazil,Arabica/Robusta,2013/14,1205100000
Burundi,Arabica/Robusta,2013/14,120000
Ecuador,Arabica/Robusta,2013/14,9300000
Indonesia,Robusta/Arabica,2013/14,255000000
Madagascar,Robusta,2013/14,24600000
Malawi,Arabica,2013/14,60000
Papua New Guinea,Arabica/Robusta,2013/14,122340
Paraguay,Arabica,2013/14,1200000
Peru,Arabica,2013/14,15000000
Rwanda,Arabica,2013/14,60000
Timor-Leste,Arabica,2013/14,29400
Zimbabwe,Arabica,2013/14,240000
Congo,Robusta,2013/14,180000
Cuba,Arabica,2013/14,13200000
Dominican Republic,Arabica/Robusta,2013/14,22999980
Haiti,Arabica,2013/14,20400000
Philippines,Robusta/Arabica,2013/14,153000000
Tanzania,Arabica/Robusta,2013/14,4408020
Zambia,Arabica,2013/14,0
Cameroon,Robusta/Arabica,2013/14,4408980
Central African Republic,Robusta,2013/14,1200000
Colombia,Arabica,2013/14,97021200
Costa Rica,Arabica,2013/14,20103600
Côte d'Ivoire,Robusta,2013/14,19020000
Democratic Republic of Congo,Robusta/Arabica,2013/14,12000000
El Salvador,Arabica,2013/14,16500000
Equatorial Guinea,Robusta,2013/14,0
Ethiopia,Arabica,2013/14,201900000
Gabon,Robusta,2013/14,34980
Ghana,Robusta,2013/14,120000
Guatemala,Arabica/Robusta,2013/14,22200000
Guinea,Robusta,2013/14,3000000
Guyana,Robusta,2013/14,528000
Honduras,Arabica,2013/14,21000000
India,Robusta/Arabica,2013/14,84000000
Jamaica,Arabica,2013/14,540000
Kenya,Arabica,2013/14,3300000
Lao People's Democratic Republic,Robusta,2013/14,9000000
Liberia,Robusta,2013/14,300000
Mexico,Arabica/Robusta,2013/14,139260000
Nepal,Arabica,2013/14,0
Nicaragua,Arabica,2013/14,12573660
Nigeria,Robusta,2013/14,2400000
Panama,Arabica,2013/14,4020000
Sierra Leone,Robusta,2013/14,300000
Sri Lanka,Robusta/Arabica,2013/14,2100000
Thailand,Robusta/Arabica,2013/14,72000000
Togo,Robusta,2013/14,14280
Trinidad & Tobago,Robusta,2013/14,600000
Uganda,Robusta/Arabica,2013/14,13248000
Venezuela,Arabica,2013/14,99000000
Viet Nam,Robusta/Arabica,2013/14,120000000
Yemen,Arabica,2013/14,7800000
Angola,Robusta/Arabica,2014/15,1800000
Bolivia (Plurinational State of),Arabica,2014/15,3210000
Brazil,Arabica/Robusta,2014/15,1219980000
Burundi,Arabica/Robusta,2014/15,120000
Ecuador,Arabica/Robusta,2014/15,9300000
Indonesia,Robusta/Arabica,2014/15,265020000
Madagascar,Robusta,2014/15,23400000
Malawi,Arabica,2014/15,60000
Papua New Guinea,Arabica/Robusta,2014/15,115440
Paraguay,Arabica,2014/15,1200000
Peru,Arabica,2014/15,15000000
Rwanda,Arabica,2014/15,60000
Timor-Leste,Arabica,2014/15,29400
Zimbabwe,Arabica,2014/15,240000
Congo,Robusta,2014/15,180000
Cuba,Arabica,2014/15,13200000
Dominican Republic,Arabica/Robusta,2014/15,23280000
Haiti,Arabica,2014/15,20400000
Philippines,Robusta/Arabica,2014/15,168000000
Tanzania,Arabica/Robusta,2014/15,4603020
Zambia,Arabica,2014/15,0
Cameroon,Robusta/Arabica,2014/15,4519020
Central African Republic,Robusta,2014/15,1200000
Colombia,Arabica,2014/15,99927060
Costa Rica,Arabica,2014/15,22844520
Côte d'Ivoire,Robusta,2014/15,19020000
Democratic Republic of Congo,Robusta/Arabica,2014/15,12000000
El Salvador,Arabica,2014/15,16800000
Equatorial Guinea,Robusta,2014/15,0
Ethiopia,Arabica,2014/15,205980000
Gabon,Robusta,2014/15,31020
Ghana,Robusta,2014/15,120000
Guatemala,Arabica/Robusta,2014/15,22800000
Guinea,Robusta,2014/15,3000000
Guyana,Robusta,2014/15,534000
Honduras,Arabica,2014/15,21300000
India,Robusta/Arabica,2014/15,85800000
Jamaica,Arabica,2014/15,540000
Kenya,Arabica,2014/15,3300000
Lao People's Democratic Republic,Robusta,2014/15,9000000
Liberia,Robusta,2014/15,300000
Mexico,Arabica/Robusta,2014/15,140820000
Nepal,Arabica,2014/15,0
Nicaragua,Arabica,2014/15,12704520
Nigeria,Robusta,2014/15,2400000
Panama,Arabica,2014/15,4020000
Sierra Leone,Robusta,2014/15,300000
Sri Lanka,Robusta/Arabica,2014/15,2100000
Thailand,Robusta/Arabica,2014/15,75000000
Togo,Robusta,2014/15,11700
Trinidad & Tobago,Robusta,2014/15,600000
Uganda,Robusta/Arabica,2014/15,13752000
Venezuela,Arabica,2014/15,99000000
Viet Nam,Robusta/Arabica,2014/15,132000000
Yemen,Arabica,2014/15,7500000
Angola,Robusta/Arabica,2015/16,1800000
Bolivia (Plurinational State of),Arabica,2015/16,3300000
Brazil,Arabica/Robusta,2015/16,1230480000
Burundi,Arabica/Robusta,2015/16,120000
Ecuador,Arabica/Robusta,2015/16,9300000
Indonesia,Robusta/Arabica,2015/16,273000000
Madagascar,Robusta,2015/16,22200000
Malawi,Arabica,2015/16,60000
Papua New Guinea,Arabica/Robusta,2015/16,108000
Paraguay,Arabica,2015/16,1200000
Peru,Arabica,2015/16,15000000
Rwanda,Arabica,2015/16,60000
Timor-Leste,Arabica,2015/16,29400
Zimbabwe,Arabica,2015/16,240000
Congo,Robusta,2015/16,180000
Cuba,Arabica,2015/16,13200000
Dominican Republic,Arabica/Robusta,2015/16,23280000
Haiti,Arabica,2015/16,20400000
Philippines,Robusta/Arabica,2015/16,180000000
Tanzania,Arabica/Robusta,2015/16,5523000
Zambia,Arabica,2015/16,0
Cameroon,Robusta/Arabica,2015/16,4560000
Central African Republic,Robusta,2015/16,1200000
Colombia,Arabica,2015/16,103222380
Costa Rica,Arabica,2015/16,26929260
Côte d'Ivoire,Robusta,2015/16,19020000
Democratic Republic of Congo,Robusta/Arabica,2015/16,12000000
El Salvador,Arabica,2015/16,17100000
Equatorial Guinea,Robusta,2015/16,0
Ethiopia,Arabica,2015/16,210060000
Gabon,Robusta,2015/16,30000
Ghana,Robusta,2015/16,120000
Guatemala,Arabica/Robusta,2015/16,23400000
Guinea,Robusta,2015/16,3000000
Guyana,Robusta,2015/16,540000
Honduras,Arabica,2015/16,21900000
India,Robusta/Arabica,2015/16,87000000
Jamaica,Arabica,2015/16,540000
Kenya,Arabica,2015/16,3600000
Lao People's Democratic Republic,Robusta,2015/16,9000000
Liberia,Robusta,2015/16,300000
Mexico,Arabica/Robusta,2015/16,139740000
Nepal,Arabica,2015/16,0
Nicaragua,Arabica,2015/16,12836760
Nigeria,Robusta,2015/16,2400000
Panama,Arabica,2015/16,4020000
Sierra Leone,Robusta,2015/16,300000
Sri Lanka,Robusta/Arabica,2015/16,2100000
Thailand,Robusta/Arabica,2015/16,78000000
Togo,Robusta,2015/16,13200
Trinidad & Tobago,Robusta,2015/16,600000
Uganda,Robusta/Arabica,2015/16,14040000
Venezuela,Arabica,2015/16,99000000
Viet Nam,Robusta/Arabica,2015/16,138000000
Yemen,Arabica,2015/16,6900000
Angola,Robusta/Arabica,2016/17,1800000
Bolivia (Plurinational State of),Arabica,2016/17,3420000
Brazil,Arabica/Robusta,2016/17,1273500000
Burundi,Arabica/Robusta,2016/17,120000
Ecuador,Arabica/Robusta,2016/17,9300000
Indonesia,Robusta/Arabica,2016/17,279000000
Madagascar,Robusta,2016/17,21600000
Malawi,Arabica,2016/17,60000
Papua New Guinea,Arabica/Robusta,2016/17,120000
Paraguay,Arabica,2016/17,1200000
Peru,Arabica,2016/17,15000000
Rwanda,Arabica,2016/17,60000
Timor-Leste,Arabica,2016/17,29400
Zimbabwe,Arabica,2016/17,240000
Congo,Robusta,2016/17,180000
Cuba,Arabica,2016/17,13200000
Dominican Republic,Arabica/Robusta,2016/17,23400000
Haiti,Arabica,2016/17,20400000
Philippines,Robusta/Arabica,2016/17,181800000
Tanzania,Arabica/Robusta,2016/17,5478000
Zambia,Arabica,2016/17,0
Cameroon,Robusta/Arabica,2016/17,4620000
Central African Republic,Robusta,2016/17,1200000
Colombia,Arabica,2016/17,104186484
Costa Rica,Arabica,2016/17,19767420
Côte d'Ivoire,Robusta,2016/17,19020000
Democratic Republic of Congo,Robusta/Arabica,2016/17,12000000
El Salvador,Arabica,2016/17,17520000
Equatorial Guinea,Robusta,2016/17,0
Ethiopia,Arabica,2016/17,214260000
Gabon,Robusta,2016/17,30000
Ghana,Robusta,2016/17,120000
Guatemala,Arabica/Robusta,2016/17,23400000
Guinea,Robusta,2016/17,3000000
Guyana,Robusta,2016/17,540000
Honduras,Arabica,2016/17,22200000
India,Robusta/Arabica,2016/17,86400000
Jamaica,Arabica,2016/17,540000
Kenya,Arabica,2016/17,3600000
Lao People's Democratic Republic,Robusta,2016/17,9000000
Liberia,Robusta,2016/17,300000
Mexico,Arabica/Robusta,2016/17,141600000
Nepal,Arabica,2016/17,0
Nicaragua,Arabica,2016/17,13003680
Nigeria,Robusta,2016/17,2400000
Panama,Arabica,2016/17,4020000
Sierra Leone,Robusta,2016/17,300000
Sri Lanka,Robusta/Arabica,2016/17,2100000
Thailand,Robusta/Arabica,2016/17,81000000
Togo,Robusta,2016/17,15240
Trinidad & Tobago,Robusta,2016/17,600000
Uganda,Robusta/Arabica,2016/17,14400000
Venezuela,Arabica,2016/17,99000000
Viet Nam,Robusta/Arabica,2016/17,144000000
Yemen,Arabica,2016/17,6000000
Angola,Robusta/Arabica,2017/18,1800000
Bolivia (Plurinational State of),Arabica,2017/18,3510000
Brazil,Arabica/Robusta,2017/18,1319820000
Burundi,Arabica/Robusta,2017/18,120000
Ecuador,Arabica/Robusta,2017/18,9300000
Indonesia,Robusta/Arabica,2017/18,285000000
Madagascar,Robusta,2017/18,21900000
Malawi,Arabica,2017/18,60000
Papua New Guinea,Arabica/Robusta,2017/18,120000
Paraguay,Arabica,2017/18,1200000
Peru,Arabica,2017/18,15000000
Rwanda,Arabica,2017/18,60000
Timor-Leste,Arabica,2017/18,29400
Zimbabwe,Arabica,2017/18,240000
Congo,Robusta,2017/18,180000
Cuba,Arabica,2017/18,13200000
Dominican Republic,Arabica/Robusta,2017/18,23400000
Haiti,Arabica,2017/18,20400000
Philippines,Robusta/Arabica,2017/18,190800000
Tanzania,Arabica/Robusta,2017/18,5500020
Zambia,Arabica,2017/18,0
Cameroon,Robusta/Arabica,2017/18,4680000
Central African Republic,Robusta,2017/18,1200000
Colombia,Arabica,2017/18,107596260
Costa Rica,Arabica,2017/18,21200040
Côte d'Ivoire,Robusta,2017/18,19020000
Democratic Republic of Congo,Robusta/Arabica,2017/18,12000000
El Salvador,Arabica,2017/18,18000000
Equatorial Guinea,Robusta,2017/18,0
Ethiopia,Arabica,2017/18,218580000
Gabon,Robusta,2017/18,30000
Ghana,Robusta,2017/18,120000
Guatemala,Arabica/Robusta,2017/18,23700000
Guinea,Robusta,2017/18,3000000
Guyana,Robusta,2017/18,540000
Honduras,Arabica,2017/18,22500000
India,Robusta/Arabica,2017/18,88200000
Jamaica,Arabica,2017/18,540000
Kenya,Arabica,2017/18,3900000
Lao People's Democratic Republic,Robusta,2017/18,9300000
Liberia,Robusta,2017/18,300000
Mexico,Arabica/Robusta,2017/18,144000000
Nepal,Arabica,2017/18,0
Nicaragua,Arabica,2017/18,13080000
Nigeria,Robusta,2017/18,2400000
Panama,Arabica,2017/18,4020000
Sierra Leone,Robusta,2017/18,300000
Sri Lanka,Robusta/Arabica,2017/18,2100000
Thailand,Robusta/Arabica,2017/18,82500000
Togo,Robusta,2017/18,15240
Trinidad & Tobago,Robusta,2017/18,600000
Uganda,Robusta/Arabica,2017/18,14688000
Venezuela,Arabica,2017/18,96000000
Viet Nam,Robusta/Arabica,2017/18,150000000
Yemen,Arabica,2017/18,5400000
Angola,Robusta/Arabica,2018/19,1800000
Bolivia (Plurinational State of),Arabica,2018/19,3600000
Brazil,Arabica/Robusta,2018/19,1332000000
Burundi,Arabica/Robusta,2018/19,120000
Ecuador,Arabica/Robusta,2018/19,9300000
Indonesia,Robusta/Arabica,2018/19,288000000
Madagascar,Robusta,2018/19,22500000
Malawi,Arabica,2018/19,60000
Papua New Guinea,Arabica/Robusta,2018/19,120000
Paraguay,Arabica,2018/19,1200000
Peru,Arabica,2018/19,15000000
Rwanda,Arabica,2018/19,60000
Timor-Leste,Arabica,2018/19,29400
Zimbabwe,Arabica,2018/19,240000
Congo,Robusta,2018/19,180000
Cuba,Arabica,2018/19,13200000
Dominican Republic,Arabica/Robusta,2018/19,23400000
Haiti,Arabica,2018/19,20700000
Philippines,Robusta/Arabica,2018/19,198000000
Tanzania,Arabica/Robusta,2018/19,5520000
Zambia,Arabica,2018/19,0
Cameroon,Robusta/Arabica,2018/19,4680000
Central African Republic,Robusta,2018/19,1200000
Colombia,Arabica,2018/19,107484600
Costa Rica,Arabica,2018/19,21900000
Côte d'Ivoire,Robusta,2018/19,19020000
Democratic Republic of Congo,Robusta/Arabica,2018/19,12000000
El Salvador,Arabica,2018/19,18000000
Equatorial Guinea,Robusta,2018/19,0
Ethiopia,Arabica,2018/19,221100000
Gabon,Robusta,2018/19,30000
Ghana,Robusta,2018/19,120000
Guatemala,Arabica/Robusta,2018/19,23700000
Guinea,Robusta,2018/19,3000000
Guyana,Robusta,2018/19,540000
Honduras,Arabica,2018/19,22500000
India,Robusta/Arabica,2018/19,88500000
Jamaica,Arabica,2018/19,540000
Kenya,Arabica,2018/19,4200000
Lao People's Democratic Republic,Robusta,2018/19,9300000
Liberia,Robusta,2018/19,300000
Mexico,Arabica/Robusta,2018/19,147000000
Nepal,Arabica,2018/19,0
Nicaragua,Arabica,2018/19,13200000
Nigeria,Robusta,2018/19,2400000
Panama,Arabica,2018/19,4020000
Sierra Leone,Robusta,2018/19,300000
Sri Lanka,Robusta/Arabica,2018/19,2100000
Thailand,Robusta/Arabica,2018/19,84000000
Togo,Robusta,2018/19,15240
Trinidad & Tobago,Robusta,2018/19,600000
Uganda,Robusta/Arabica,2018/19,15000000
Venezuela,Arabica,2018/19,93000000
Viet Nam,Robusta/Arabica,2018/19,156000000
Yemen,Arabica,2018/19,3900000
Angola,Robusta/Arabica,2019/20,1800000
Bolivia (Plurinational State of),Arabica,2019/20,3660000
Brazil,Arabica/Robusta,2019/20,1320000000
Burundi,Arabica/Robusta,2019/20,120000
Ecuador,Arabica/Robusta,2019/20,8940000
Indonesia,Robusta/Arabica,2019/20,288360000
Madagascar,Robusta,2019/20,22500000
Malawi,Arabica,2019/20,60000
Papua New Guinea,Arabica/Robusta,2019/20,120000
Paraguay,Arabica,2019/20,1200000
Peru,Arabica,2019/20,15000000
Rwanda,Arabica,2019/20,60000
Timor-Leste,Arabica,2019/20,29400
Zimbabwe,Arabica,2019/20,240000
Congo,Robusta,2019/20,180000
Cuba,Arabica,2019/20,12960000
Dominican Republic,Arabica/Robusta,2019/20,22620000
Haiti,Arabica,2019/20,20700000
Philippines,Robusta/Arabica,2019/20,195000000
Tanzania,Arabica/Robusta,2019/20,5700000
Zambia,Arabica,2019/20,0
Cameroon,Robusta/Arabica,2019/20,4620000
Central African Republic,Robusta,2019/20,1200000
Colombia,Arabica,2019/20,121486440
Costa Rica,Arabica,2019/20,21120000
Côte d'Ivoire,Robusta,2019/20,19020000
Democratic Republic of Congo,Robusta/Arabica,2019/20,11880000
El Salvador,Arabica,2019/20,17520000
Equatorial Guinea,Robusta,2019/20,0
Ethiopia,Arabica,2019/20,226860000
Gabon,Robusta,2019/20,30000
Ghana,Robusta,2019/20,120000
Guatemala,Arabica/Robusta,2019/20,23580000
Guinea,Robusta,2019/20,3000000
Guyana,Robusta,2019/20,540000
Honduras,Arabica,2019/20,21000000
India,Robusta/Arabica,2019/20,87000000
Jamaica,Arabica,2019/20,540000
Kenya,Arabica,2019/20,4290000
Lao People's Democratic Republic,Robusta,2019/20,9420000
Liberia,Robusta,2019/20,300000
Mexico,Arabica/Robusta,2019/20,145500000
Nepal,Arabica,2019/20,0
Nicaragua,Arabica,2019/20,12600000
Nigeria,Robusta,2019/20,2400000
Panama,Arabica,2019/20,4020000
Sierra Leone,Robusta,2019/20,300000
Sri Lanka,Robusta/Arabica,2019/20,2100000
Thailand,Robusta/Arabica,2019/20,84000000
Togo,Robusta,2019/20,15600
Trinidad & Tobago,Robusta,2019/20,600000
Uganda,Robusta/Arabica,2019/20,15240000
Venezuela,Arabica,2019/20,76500000
Viet Nam,Robusta/Arabica,2019/20,159000000
Yemen,Arabica,2019/20,3840000
Angola,Robusta/Arabica,Total_domestic_consumption,46500000
Bolivia (Plurinational State of),Arabica,Total_domestic_consumption,75180000
Brazil,Arabica/Robusta,Total_domestic_consumption,27824700000
Burundi,Arabica/Robusta,Total_domestic_consumption,3412020
Ecuador,Arabica/Robusta,Total_domestic_consumption,381540000
Indonesia,Robusta/Arabica,Total_domestic_consumption,4920480000
Madagascar,Robusta,Total_domestic_consumption,588705960
Malawi,Arabica,Total_domestic_consumption,2340000
Papua New Guinea,Arabica/Robusta,Total_domestic_consumption,3608400
Paraguay,Arabica,Total_domestic_consumption,35100000
Peru,Arabica,Total_domestic_consumption,402000000
Rwanda,Arabica,Total_domestic_consumption,2139960
Timor-Leste,Arabica,Total_domestic_consumption,294000
Zimbabwe,Arabica,Total_domestic_consumption,8595960
Congo,Robusta,Total_domestic_consumption,5360040
Cuba,Arabica,Total_domestic_consumption,384006000
Dominican Republic,Arabica/Robusta,Total_domestic_consumption,642823380
Haiti,Arabica,Total_domestic_consumption,600600000
Philippines,Robusta/Arabica,Total_domestic_consumption,2807280000
Tanzania,Arabica/Robusta,Total_domestic_consumption,76425060
Zambia,Arabica,Total_domestic_consumption,991920
Cameroon,Robusta/Arabica,Total_domestic_consumption,143450940
Central African Republic,Robusta,Total_domestic_consumption,24794400
Colombia,Arabica,Total_domestic_consumption,2536776384
Costa Rica,Arabica,Total_domestic_consumption,665335200
Côte d'Ivoire,Robusta,Total_domestic_consumption,410260140
Democratic Republic of Congo,Robusta/Arabica,Total_domestic_consumption,359880000
El Salvador,Arabica,Total_domestic_consumption,417242040
Equatorial Guinea,Robusta,Total_domestic_consumption,0
Ethiopia,Arabica,Total_domestic_consumption,4536540000
Gabon,Robusta,Total_domestic_consumption,1123140
Ghana,Robusta,Total_domestic_consumption,9970800
Guatemala,Arabica/Robusta,Total_domestic_consumption,590880000
Guinea,Robusta,Total_domestic_consumption,86730000
Guyana,Robusta,Total_domestic_consumption,9203040
Honduras,Arabica,Total_domestic_consumption,471850680
India,Robusta/Arabica,Total_domestic_consumption,2093460000
Jamaica,Arabica,Total_domestic_consumption,18688020
Kenya,Arabica,Total_domestic_consumption,95190000
Lao People's Democratic Republic,Robusta,Total_domestic_consumption,157980000
Liberia,Robusta,Total_domestic_consumption,8640000
Mexico,Arabica/Robusta,Total_domestic_consumption,3189660000
Nepal,Arabica,Total_domestic_consumption,0
Nicaragua,Arabica,Total_domestic_consumption,299700300
Nigeria,Robusta,Total_domestic_consumption,70740000
Panama,Arabica,Total_domestic_consumption,122916960
Sierra Leone,Robusta,Total_domestic_consumption,10080000
Sri Lanka,Robusta/Arabica,Total_domestic_consumption,58300020
Thailand,Robusta/Arabica,Total_domestic_consumption,1248600000
Togo,Robusta,Total_domestic_consumption,2167620
Trinidad & Tobago,Robusta,Total_domestic_consumption,21090000
Uganda,Robusta/Arabica,Total_domestic_consumption,284816400
Venezuela,Arabica,Total_domestic_consumption,2386067999
Viet Nam,Robusta/Arabica,Total_domestic_consumption,1920928320
Yemen,Arabica,Total_domestic_consumption,121620000
